id,name,email,gender,number
1,Winifred,wmacclenan0@reference.com,Genderqueer,6.0
2,Trisha,tbeccero1@ucsd.edu,Female,2.1
3,Catrina,cperceval2@blogspot.com,Female,8.8
4,Alana,averna3@sourceforge.net,Female,7.5
5,Celene,cbessom4@fastcompany.com,Female,8.8
6,Ludvig,lplaice5@ebay.co.uk,Male,4.4
7,Charla,cbodham6@go.com,Female,3.4
8,Juan,jmidlar7@elegantthemes.com,Male,8.2
9,Duky,ddyett8@msu.edu,Male,5.4
10,Dorrie,dtodari9@youku.com,Female,6.8
11,Dave,dferna@home.pl,Agender,7.8
12,Lydie,lwillersb@addtoany.com,Female,2.1
13,Mignon,mroutc@aol.com,Female,6.6
14,Karil,kclemenceaud@netlog.com,Female,7.2
15,Elysia,elaxee@com.com,Female,7.8
16,Jacklin,jvalintinef@virginia.edu,Female,6.6
17,Gonzales,gbortolig@washingtonpost.com,Male,2.4
18,Darla,dbuttressh@businessweek.com,Genderqueer,6.8
19,Codi,csteffensi@bing.com,Male,2.6
20,Portia,pcramptonj@yellowpages.com,Female,9.3
21,Arvie,ablunsumk@weather.com,Male,3.3
22,Etti,eduffiel@narod.ru,Female,5.7
23,Rinaldo,rparrattm@360.cn,Male,7.7
24,Vasily,vmaiklemn@eventbrite.com,Male,8.3
25,Evania,ebugbeeo@biglobe.ne.jp,Female,6.7
26,Sherri,swaterp@salon.com,Female,8.2
27,Denny,dhillingq@youku.com,Male,5.8
28,Cherry,ccottierr@cdbaby.com,Female,2.2
29,Jacquenetta,jwoans@tuttocitta.it,Female,7.6
30,Dallis,djarrattt@wp.com,Male,7.4
31,Kennie,kpeddersenu@dion.ne.jp,Male,4.6
32,Clark,cbutv@cam.ac.uk,Male,2.7
33,Devonne,dshelfw@yahoo.co.jp,Female,9.8
34,Reba,rprewx@addthis.com,Female,4.6
35,Nanci,nbenduhny@ow.ly,Female,3.6
36,Vivyan,vgulstonz@berkeley.edu,Female,3.2
37,Zebulon,zalbrecht10@pen.io,Male,5.6
38,Zachery,zinsall11@admin.ch,Male,6.4
39,Obed,okief12@marriott.com,Male,9.7
40,Bronny,bcorradino13@washington.edu,Genderfluid,8.9
41,Annabal,apass14@nbcnews.com,Female,2.6
42,Korella,ksergent15@simplemachines.org,Female,9.9
43,Rodina,rsimonutti16@weibo.com,Genderfluid,3.3
44,Harold,halred17@microsoft.com,Male,3.6
45,Aristotle,aparmiter18@samsung.com,Polygender,6.6
46,Vyky,vsollon19@craigslist.org,Female,8.0
47,Jakob,jvesque1a@illinois.edu,Male,8.2
48,Vasily,veckert1b@salon.com,Male,7.3
49,Mathew,mhellin1c@netvibes.com,Male,1.5
50,Wallie,wgleadhell1d@spiegel.de,Female,7.5
51,Goraud,gdeniske1e@bigcartel.com,Genderqueer,1.3
52,Miller,mvigers1f@foxnews.com,Male,3.1
53,Wilfrid,wdri1g@nps.gov,Male,2.8
54,Jo,jskirvane1h@t-online.de,Male,1.2
55,Krystle,kkhristyukhin1i@home.pl,Female,1.1
56,Wiatt,wplail1j@ed.gov,Male,9.8
57,Alexia,akimbury1k@clickbank.net,Female,3.9
58,Dani,dgarvey1l@sciencedaily.com,Female,1.8
59,Matias,mhorlock1m@list-manage.com,Male,1.1
60,Muffin,mrubbert1n@reddit.com,Male,3.2
61,Mathilde,msimchenko1o@va.gov,Female,8.8
62,Cherri,cbaggalley1p@unc.edu,Female,1.8
63,Emory,ejephson1q@fastcompany.com,Male,4.4
64,Eadie,egill1r@cam.ac.uk,Female,9.1
65,Thalia,tdaen1s@nymag.com,Female,7.0
66,Dasya,dmendez1t@google.cn,Female,5.1
67,Wallache,wjupp1u@umn.edu,Male,7.7
68,Taite,twysome1v@icio.us,Male,4.4
69,Logan,larp1w@qq.com,Male,6.2
70,Tiphanie,tform1x@surveymonkey.com,Female,8.3
71,Colly,cbunce1y@dagondesign.com,Female,3.5
72,Christan,cfarens1z@timesonline.co.uk,Female,6.6
73,Timothea,tbye20@oracle.com,Female,7.1
74,Menard,mwalcot21@state.tx.us,Male,2.7
75,Sileas,sgreathead22@eventbrite.com,Female,6.4
76,Arvie,ablais23@ovh.net,Male,5.3
77,Berkie,bgrishunin24@drupal.org,Male,5.1
78,Zonnya,zvalenta25@digg.com,Female,8.8
79,Ruby,rsimanenko26@gnu.org,Polygender,1.5
80,Abramo,abonnavant27@godaddy.com,Male,5.5
81,Jaclin,jvines28@ycombinator.com,Female,3.5
82,Ashlie,apurnell29@sohu.com,Female,3.1
83,Candida,ceastope2a@netlog.com,Female,6.6
84,Shelden,shassur2b@com.com,Male,1.1
85,Blisse,bceliz2c@furl.net,Female,3.4
86,Quintina,qdeuss2d@hhs.gov,Bigender,9.2
87,Morissa,mchidwick2e@fda.gov,Female,4.8
88,Boris,brickards2f@privacy.gov.au,Male,8.1
89,Rachael,rdike2g@woothemes.com,Female,3.3
90,Collen,cforo2h@blog.com,Female,6.6
91,Karrie,kfeuell2i@ted.com,Female,6.2
92,Mason,malster2j@google.es,Male,8.7
93,Cecilla,cnovkovic2k@quantcast.com,Female,4.6
94,Umeko,urudall2l@mit.edu,Female,4.0
95,Thomasine,tlayton2m@spotify.com,Female,3.5
96,Yale,ybartels2n@friendfeed.com,Male,4.6
97,Bili,bwalkden2o@cafepress.com,Female,8.1
98,Eirena,ematyushenko2p@furl.net,Female,6.3
99,Ave,avasyunichev2q@prweb.com,Male,9.1
100,Mei,maimer2r@seesaa.net,Female,7.6
101,Blinnie,bbeckford2s@psu.edu,Female,9.2
102,Merv,mlepere2t@surveymonkey.com,Male,1.7
103,Paula,pschaben2u@blogtalkradio.com,Female,2.7
104,Beret,bwebb2v@guardian.co.uk,Female,2.4
105,Katy,kpervew2w@domainmarket.com,Female,1.2
106,Afton,abohl2x@blogger.com,Female,2.5
107,Ulises,udoy2y@unc.edu,Male,7.9
108,Aguie,ablowne2z@yahoo.co.jp,Male,3.9
109,Andros,amabbitt30@marketwatch.com,Male,5.6
110,Andie,afuxman31@stumbleupon.com,Male,1.5
111,Lynnelle,lkiehne32@amazonaws.com,Female,7.5
112,Karlens,kconing33@xing.com,Male,1.4
113,Rubetta,radel34@bandcamp.com,Non-binary,9.8
114,Carly,cdeniset35@omniture.com,Male,4.7
115,Adelle,aroderigo36@bandcamp.com,Female,2.7
116,Yale,ycleobury37@huffingtonpost.com,Male,7.1
117,Otha,ofranzke38@woothemes.com,Polygender,4.6
118,Mab,mboulder39@fda.gov,Polygender,9.8
119,Cam,cmarcq3a@gravatar.com,Male,9.0
120,Der,dlandrean3b@sbwire.com,Non-binary,2.5
121,Lorri,lianilli3c@ca.gov,Female,1.3
122,Ricky,rgabbidon3d@multiply.com,Male,4.1
123,Avigdor,arust3e@mozilla.org,Male,7.5
124,Haley,hhellicar3f@nymag.com,Male,1.1
125,Dulcia,dhudless3g@nih.gov,Female,8.3
126,Hale,hhenke3h@unc.edu,Male,6.1
127,Brittne,bbirwhistle3i@bandcamp.com,Female,5.2
128,Josephine,jbrambell3j@paypal.com,Female,9.8
129,Clemente,cfireman3k@arstechnica.com,Male,3.1
130,Jamison,jmchaffy3l@delicious.com,Male,8.0
131,Paolo,pdanit3m@blog.com,Male,7.3
132,Euell,eswindles3n@cdbaby.com,Male,1.2
133,Rosina,rbucktharp3o@soup.io,Female,2.6
134,Guntar,gdeddum3p@samsung.com,Bigender,3.8
135,Larine,lboulsher3q@blog.com,Female,7.4
136,Faun,fdorwood3r@ocn.ne.jp,Female,5.3
137,Augustine,aboothjarvis3s@dropbox.com,Male,6.7
138,Tania,tgallaher3t@gravatar.com,Female,8.4
139,Shanon,sshory3u@ucla.edu,Female,5.0
140,Eustacia,efortesquieu3v@ucla.edu,Female,9.2
141,Shaina,shavenhand3w@over-blog.com,Female,4.5
142,Shandy,sweekley3x@jimdo.com,Female,6.6
143,Fitzgerald,fiacopo3y@go.com,Male,1.5
144,Celinda,crohlfing3z@soundcloud.com,Female,7.8
145,Stefania,slowen40@ed.gov,Female,6.0
146,Travis,tbroadstock41@virginia.edu,Male,9.1
147,Morey,mcauston42@github.io,Male,3.4
148,Alaster,amaccurley43@nbcnews.com,Male,8.6
149,Vivianne,vhalwill44@google.it,Female,7.4
150,Rob,rcreer45@aol.com,Male,1.1
151,Rhianna,rceely46@howstuffworks.com,Female,7.4
152,Olympe,ollewellen47@sogou.com,Female,1.6
153,Timmie,tmcgillivray48@prnewswire.com,Genderqueer,8.2
154,Juliana,jyakunin49@tuttocitta.it,Female,3.2
155,Sutton,sskewes4a@vinaora.com,Male,7.5
156,Godfry,gbottelstone4b@walmart.com,Genderfluid,5.7
157,Knox,kgonzalo4c@businessweek.com,Male,7.7
158,Doralyn,dcastel4d@istockphoto.com,Female,7.8
159,Kalil,kstranger4e@mediafire.com,Male,4.5
160,Rubetta,rsnedker4f@hhs.gov,Female,4.8
161,Chick,cmettetal4g@dagondesign.com,Male,9.4
162,Omero,ocast4h@gizmodo.com,Male,7.5
163,Jason,jvodden4i@sogou.com,Male,8.7
164,Ingemar,ipadfield4j@live.com,Genderqueer,2.7
165,Cassi,cmarland4k@instagram.com,Female,5.6
166,Waylin,wdabell4l@noaa.gov,Male,1.9
167,Philippine,ptolwood4m@icio.us,Female,5.5
168,Rosaleen,rhanaford4n@usda.gov,Female,8.9
169,Dallas,dbracey4o@statcounter.com,Female,9.5
170,Tandie,therrieven4p@oakley.com,Female,8.0
171,Alissa,aanyene4q@digg.com,Female,9.7
172,Laural,lspary4r@ask.com,Female,4.3
173,Datha,dwebby4s@macromedia.com,Female,7.3
174,Romona,rgulleford4t@answers.com,Female,2.6
175,Philip,pingrey4u@shutterfly.com,Male,9.7
176,Legra,ltheuff4v@tamu.edu,Genderqueer,1.4
177,Nadine,nwurst4w@google.it,Female,10.0
178,Bobbie,bends4x@fda.gov,Female,9.4
179,Cosetta,ctootin4y@devhub.com,Female,4.8
180,Philippa,ptisor4z@jalbum.net,Female,4.8
181,Joey,jfidilis50@walmart.com,Male,3.0
182,Lonni,lpristnor51@ihg.com,Female,6.2
183,Brok,byitzovicz52@cyberchimps.com,Male,6.7
184,Eleanora,epursehouse53@comsenz.com,Genderfluid,8.7
185,Kathy,klowis54@howstuffworks.com,Female,3.2
186,Kevina,kcoronas55@spiegel.de,Female,4.6
187,Lemuel,lbagnold56@spiegel.de,Male,6.6
188,Wanids,wsnow57@indiegogo.com,Female,7.2
189,Pierce,pegdal58@cbsnews.com,Male,6.9
190,Jemmy,jgolson59@constantcontact.com,Female,3.9
191,Rolfe,rlardier5a@independent.co.uk,Male,5.1
192,Hetti,hschroter5b@addtoany.com,Female,5.4
193,Ephrayim,ebadger5c@google.co.uk,Male,2.0
194,Lanette,llidgertwood5d@nymag.com,Female,3.6
195,Christoph,chensmans5e@uiuc.edu,Male,3.9
196,Caty,cbonnesen5f@ft.com,Female,3.6
197,Stanwood,sbeernt5g@mozilla.com,Male,7.5
198,Earlie,epalfreyman5h@nifty.com,Male,2.7
199,Rudiger,rmcdunlevy5i@theguardian.com,Male,5.5
200,Eldon,ecadwallader5j@networksolutions.com,Male,4.2
201,Jaimie,jpatching5k@wordpress.org,Female,2.4
202,Bobinette,bmoulson5l@unesco.org,Bigender,5.7
203,Merrielle,mshankle5m@dion.ne.jp,Female,6.7
204,Lambert,lsterrick5n@dropbox.com,Non-binary,1.9
205,Jephthah,jmacmickan5o@ebay.co.uk,Male,4.3
206,Elke,erumney5p@aboutads.info,Female,4.3
207,Roda,radamsky5q@surveymonkey.com,Female,3.5
208,Frederick,flongrigg5r@dagondesign.com,Male,6.5
209,Rich,rsirman5s@mapy.cz,Male,6.4
210,Welby,wkenwin5t@gravatar.com,Male,5.5
211,Viv,vmadill5u@scientificamerican.com,Female,4.5
212,Evangelina,ebutterly5v@jigsy.com,Female,4.3
213,Ivory,inice5w@technorati.com,Female,3.9
214,Aldric,agonthard5x@google.pl,Male,6.6
215,Dacy,ddole5y@blinklist.com,Female,2.1
216,Fredek,fliebrecht5z@bigcartel.com,Male,8.1
217,Cyrillus,cdurman60@privacy.gov.au,Male,1.3
218,Northrop,nbustin61@opera.com,Male,5.8
219,Jessie,jbruckner62@sina.com.cn,Male,6.7
220,Chaddy,ctrevon63@networksolutions.com,Male,1.4
221,Hobie,hmaddaford64@meetup.com,Male,2.7
222,Gayla,goake65@deviantart.com,Female,1.9
223,Kikelia,kjarmaine66@theatlantic.com,Female,7.2
224,Ingrim,igiroldi67@about.com,Male,7.2
225,Sophia,sjirus68@ustream.tv,Female,5.9
226,Sherman,sjanauschek69@hugedomains.com,Male,5.4
227,Krystal,kpassingham6a@google.com.au,Female,7.0
228,Felice,fmilliere6b@meetup.com,Genderqueer,7.0
229,Derwin,dkesten6c@livejournal.com,Male,1.3
230,Gabriel,gbolin6d@soup.io,Male,9.1
231,Jack,jharesnaip6e@state.gov,Male,2.7
232,Ely,estare6f@hp.com,Male,7.8
233,Elysia,eewert6g@deviantart.com,Female,3.9
234,Cthrine,cscarsbrick6h@spotify.com,Female,3.7
235,Meriel,mharley6i@oaic.gov.au,Female,7.1
236,Gisella,glathwell6j@yelp.com,Female,4.3
237,Sandro,singraham6k@icio.us,Male,8.0
238,Sharia,sgirdwood6l@51.la,Female,9.7
239,Modesty,msoall6m@blogs.com,Female,8.7
240,Brit,bchaves6n@instagram.com,Female,3.4
241,Saba,ssherrett6o@w3.org,Female,6.2
242,Florenza,fcheng6p@marriott.com,Female,5.0
243,Maressa,mtoye6q@berkeley.edu,Female,4.9
244,Jedidiah,jmaillard6r@slashdot.org,Polygender,2.8
245,Juliana,jshillaber6s@salon.com,Female,8.2
246,Georgianna,gpendrey6t@google.com.au,Female,4.4
247,Shay,ssmallacombe6u@taobao.com,Male,2.1
248,Filberto,fgraine6v@bloglovin.com,Male,5.1
249,Jae,jstroband6w@simplemachines.org,Male,8.0
250,Gwyneth,gbelfit6x@geocities.jp,Female,1.2
251,Shermy,stulk6y@go.com,Male,9.0
252,Karl,ktosney6z@youku.com,Male,9.3
253,Whitney,wsurpliss70@ask.com,Female,3.9
254,Dino,dcorsar71@vimeo.com,Male,1.5
255,Fredi,fsallinger72@about.me,Female,9.2
256,Waring,wbrosnan73@freewebs.com,Male,1.2
257,Milicent,mselwyn74@blogtalkradio.com,Genderfluid,4.4
258,Madalyn,mmaloney75@sfgate.com,Female,5.8
259,Valina,vcawcutt76@miibeian.gov.cn,Female,8.7
260,Ashlin,abecerro77@fastcompany.com,Male,3.6
261,Vincents,villes78@smh.com.au,Male,5.2
262,Rance,rlepoidevin79@e-recht24.de,Male,4.4
263,Ferne,ffortey7a@delicious.com,Non-binary,1.8
264,Giorgi,gcary7b@devhub.com,Male,9.0
265,Lyn,lspragge7c@alexa.com,Male,3.3
266,Hattie,hmerrisson7d@umn.edu,Female,3.7
267,Justino,jdeble7e@simplemachines.org,Male,9.0
268,Ann,asanham7f@newyorker.com,Female,1.9
269,Denis,dhuckin7g@apple.com,Male,7.2
270,Otha,oclementi7h@lulu.com,Female,5.8
271,Alexine,adagg7i@apache.org,Female,9.4
272,Gerrie,gtomkowicz7j@friendfeed.com,Male,4.0
273,Lane,lwittier7k@engadget.com,Male,2.0
274,Perren,pscaice7l@booking.com,Male,3.7
275,Cristina,cslyford7m@squidoo.com,Female,2.6
276,Tremaine,tkynan7n@myspace.com,Male,9.1
277,Worden,wcardozo7o@reddit.com,Male,2.2
278,Rosmunda,rmatschke7p@yelp.com,Female,1.1
279,Manya,mgirvan7q@nifty.com,Female,4.1
280,Aron,achadburn7r@chicagotribune.com,Male,6.0
281,Morten,mhindrick7s@soup.io,Male,2.1
282,Goldie,gheart7t@tinyurl.com,Female,5.5
283,Niccolo,npress7u@admin.ch,Male,5.6
284,Nell,nleprovest7v@ed.gov,Female,3.3
285,Nike,nscrane7w@examiner.com,Female,9.9
286,Cairistiona,calbasiny7x@cisco.com,Female,2.4
287,Rosanna,rhryniewicki7y@accuweather.com,Female,8.4
288,Mandi,mlamblot7z@gmpg.org,Female,9.6
289,Myrwyn,mstut80@bing.com,Male,6.1
290,Joletta,jdockrey81@webs.com,Female,8.1
291,Garrett,glyddiard82@elpais.com,Male,1.6
292,Henderson,hbiss83@fotki.com,Male,8.6
293,Dilly,dangrock84@vk.com,Male,2.9
294,Janeta,jfells85@archive.org,Female,6.8
295,Orelie,opalatini86@techcrunch.com,Female,7.2
296,Nadia,nbratch87@google.co.jp,Female,9.0
297,Terrill,thavers88@eventbrite.com,Male,2.5
298,Zacharia,zneilson89@dailymail.co.uk,Male,1.5
299,Rossie,rferbrache8a@list-manage.com,Male,8.7
300,Emory,ebullers8b@hp.com,Male,4.2
301,Harold,hbarclay8c@netscape.com,Male,9.2
302,Libby,labys8d@sohu.com,Female,2.3
303,Selby,smaytum8e@google.com,Male,3.1
304,Parnell,psijmons8f@buzzfeed.com,Male,6.2
305,Julienne,jjahner8g@fda.gov,Female,1.8
306,Mattias,mhowgego8h@jimdo.com,Male,7.3
307,Devin,ddestouche8i@addtoany.com,Female,3.5
308,Jackelyn,jbreeds8j@alexa.com,Female,5.9
309,Giacopo,gcomsty8k@cargocollective.com,Male,3.7
310,Norene,nkelso8l@hatena.ne.jp,Female,9.0
311,Gavan,gkencott8m@jugem.jp,Male,7.6
312,Alexandro,aramiro8n@istockphoto.com,Male,3.3
313,Ida,ibirrel8o@wisc.edu,Female,9.8
314,Thorvald,tfeilden8p@ed.gov,Agender,3.0
315,Leicester,lrymell8q@blogs.com,Male,6.2
316,Fanechka,folney8r@jugem.jp,Female,9.9
317,Staci,shalls8s@oaic.gov.au,Female,3.7
318,Orrin,ourian8t@dagondesign.com,Male,3.5
319,Arney,amettricke8u@intel.com,Male,6.5
320,Rhetta,rmacbane8v@va.gov,Female,7.5
321,Dyann,dbail8w@feedburner.com,Female,8.2
322,Carrol,coverlow8x@va.gov,Polygender,2.6
323,Sonya,scoultard8y@ebay.com,Female,3.8
324,Elwyn,eloveitt8z@google.cn,Male,4.6
325,Hyacintha,hnoen90@spotify.com,Female,6.0
326,Obie,omcandrew91@cdc.gov,Male,8.3
327,Scot,sdivver92@last.fm,Male,5.9
328,Courtnay,cdeknevet93@ameblo.jp,Female,4.9
329,Neville,nfull94@toplist.cz,Male,7.0
330,Fae,fpetre95@skyrock.com,Female,8.8
331,Vyky,vsarfati96@nbcnews.com,Female,5.2
332,Claudette,cstonuary97@tinypic.com,Female,4.3
333,Clive,cshimuk98@census.gov,Male,9.2
334,Thor,tkeynd99@woothemes.com,Male,1.3
335,Vally,vdavidof9a@domainmarket.com,Female,5.6
336,Cornie,cegentan9b@china.com.cn,Male,9.6
337,Jobye,jmoyes9c@state.gov,Female,7.1
338,Gwennie,gbarney9d@admin.ch,Female,4.5
339,Denny,dmattiazzo9e@unblog.fr,Male,3.0
340,Shandeigh,sdurrans9f@addthis.com,Bigender,8.0
341,Gaynor,gackhurst9g@deliciousdays.com,Female,7.8
342,Edsel,ecarstairs9h@yelp.com,Male,7.6
343,Miguela,mdore9i@artisteer.com,Female,2.5
344,Dani,dhankin9j@who.int,Male,4.9
345,Elene,elancley9k@un.org,Female,5.7
346,Broderick,bshergold9l@google.com.au,Male,4.9
347,Staffard,syerill9m@cornell.edu,Male,6.1
348,Terrie,tromanelli9n@mediafire.com,Female,8.0
349,Markus,mizon9o@uiuc.edu,Male,8.7
350,Desi,dmcbrearty9p@va.gov,Male,2.4
351,Debby,dmacgovern9q@qq.com,Female,3.3
352,Brandice,bsambeck9r@dailymotion.com,Female,1.6
353,Gracie,gmacrae9s@usda.gov,Female,5.2
354,Jourdain,jossenna9t@vinaora.com,Male,6.6
355,Fiann,fleschelle9u@exblog.jp,Female,6.8
356,Husain,hstogill9v@toplist.cz,Male,6.3
357,Merissa,mparsonson9w@simplemachines.org,Female,8.2
358,Sigismund,sdeverson9x@ning.com,Male,2.3
359,Maddy,mbarczewski9y@spotify.com,Male,2.3
360,Anjanette,areddlesden9z@people.com.cn,Female,2.5
361,Prue,pribbensa0@furl.net,Female,5.7
362,Antin,awintersa1@canalblog.com,Bigender,9.6
363,Lenee,lcroisiera2@list-manage.com,Female,7.1
364,Dreddy,dpeakera3@networksolutions.com,Female,6.5
365,Libby,lhuitta4@home.pl,Female,6.0
366,Ilyssa,inelthorpa5@yahoo.com,Female,9.0
367,Persis,pjarrya6@eventbrite.com,Female,5.6
368,Bartholomeo,bprinea7@usa.gov,Male,9.5
369,Ramon,rbarwisa8@is.gd,Male,2.7
370,Erminia,egatlina9@multiply.com,Female,5.0
371,Matthus,mdetocaa@google.it,Male,1.2
372,Obadiah,origgeab@webmd.com,Male,6.9
373,Clara,cbeekac@ucoz.ru,Female,8.5
374,Ajay,aridehalghad@google.com.au,Female,8.6
375,Sibelle,ssealoveae@etsy.com,Female,6.8
376,Barthel,bgoodbandaf@yellowpages.com,Male,1.2
377,Patrizio,pbachelorag@nbcnews.com,Male,4.1
378,Tull,trittmeierah@cbc.ca,Male,6.3
379,Loutitia,lalbonai@pinterest.com,Female,5.7
380,Samson,smoyleraj@sphinn.com,Male,6.1
381,Shelli,skirkbrightak@rambler.ru,Female,8.6
382,Chrisy,ckuzemkaal@4shared.com,Male,7.3
383,Tierney,tfiggessam@cam.ac.uk,Female,8.1
384,Othilie,oodoireidhan@imageshack.us,Female,9.0
385,Sigvard,snieselao@fc2.com,Male,4.5
386,Mannie,mglendenningap@engadget.com,Male,3.1
387,Caterina,clearmonthaq@skyrock.com,Female,3.2
388,Christopher,ctodariniar@psu.edu,Bigender,5.8
389,Ashely,abattisonas@tamu.edu,Female,2.6
390,Theda,tmadineat@a8.net,Female,2.7
391,Niles,nhurdwellau@i2i.jp,Male,5.9
392,Genevieve,gwedlakeav@elpais.com,Female,8.0
393,Lotti,lyearneaw@google.nl,Female,5.8
394,Nicola,nsunnucksax@cbc.ca,Male,7.9
395,Cooper,cgerbelay@altervista.org,Male,9.0
396,Celine,ckeenleysideaz@blog.com,Female,3.7
397,Christiane,cwilmingtonb0@dmoz.org,Female,1.7
398,Collie,cscatesb1@hostgator.com,Female,2.6
399,Dillon,dplesterb2@examiner.com,Male,4.3
400,Kandy,kspoorb3@wp.com,Female,9.0
401,Gabbie,gnoyesb4@shinystat.com,Male,5.6
402,Samson,srylandsb5@ca.gov,Male,4.1
403,Kevyn,knisbyb6@usgs.gov,Female,5.8
404,Borg,bandrzejczakb7@4shared.com,Male,3.5
405,Jodi,jmccrawb8@1688.com,Female,9.7
406,Benedetta,bsapenab9@bigcartel.com,Female,9.0
407,Jerry,jbaleba@furl.net,Male,8.4
408,Daryn,dduckettbb@sciencedirect.com,Female,1.4
409,Darda,dlowlebc@blogs.com,Female,9.7
410,Whitney,wdurberbd@zdnet.com,Bigender,3.0
411,Derek,dmelloybe@sfgate.com,Male,7.3
412,Barnett,bfosdickbf@about.me,Male,3.2
413,Beverley,bmeanybg@reddit.com,Female,9.0
414,Brock,bleelbh@topsy.com,Male,3.5
415,Meris,mcastanonebi@soundcloud.com,Polygender,9.2
416,Isabelle,isallabj@tamu.edu,Female,7.0
417,Orion,odoggettbk@usatoday.com,Male,4.4
418,Etti,ewolferbl@earthlink.net,Female,3.3
419,Kessiah,ksummerscalesbm@netvibes.com,Female,4.5
420,Jourdain,jgosslingbn@shareasale.com,Male,5.2
421,Tarah,tmorrowbo@hubpages.com,Female,3.8
422,Hillie,hblowingbp@typepad.com,Male,8.3
423,Colan,cdjorevicbq@google.co.uk,Genderfluid,3.7
424,Ephrayim,eczajkowskibr@w3.org,Male,6.1
425,Theo,tbraidfordbs@ca.gov,Male,1.3
426,Avis,atracebt@etsy.com,Agender,8.9
427,Laryssa,lrowbottombu@gov.uk,Female,9.8
428,Quinton,qkedsliebv@cbc.ca,Male,6.8
429,Gar,gclaasenbw@is.gd,Male,6.2
430,Arabela,athorneleybx@behance.net,Female,7.1
431,Belita,bharesby@economist.com,Female,3.4
432,Rockie,rolivebz@wunderground.com,Male,2.1
433,Niles,nbatsfordc0@nymag.com,Male,6.5
434,Kirsteni,kfeatonbyc1@tuttocitta.it,Female,2.8
435,Ferdinand,fcotterc2@pinterest.com,Male,7.8
436,Walker,wrougec3@ed.gov,Male,6.3
437,Sully,ssheberc4@theglobeandmail.com,Male,2.8
438,Upton,ugarthshorec5@hc360.com,Male,2.3
439,Dean,dhutcheonc6@theatlantic.com,Male,8.2
440,Andrus,atooheyc7@nytimes.com,Male,3.3
441,Harriette,hattockc8@theglobeandmail.com,Female,6.2
442,Marcella,mbradlyc9@army.mil,Bigender,4.9
443,Derk,dbrooktonca@usgs.gov,Male,5.5
444,Silvie,sawtycb@dyndns.org,Female,2.9
445,Brok,bberridgecc@goo.ne.jp,Male,6.5
446,Dre,dixercd@ftc.gov,Agender,4.0
447,Frank,findruchce@nyu.edu,Polygender,6.7
448,Lelah,lbraybrookscf@artisteer.com,Female,7.1
449,Reynolds,rrowlattcg@bing.com,Male,1.7
450,Brion,ballibanch@auda.org.au,Genderfluid,6.7
451,Leupold,lrideoutci@meetup.com,Male,4.8
452,Konstance,ktompsettcj@squarespace.com,Female,1.4
453,Davina,dgilburtck@163.com,Female,6.4
454,Murry,mcastellanicl@symantec.com,Male,3.0
455,Viola,vparrencm@deliciousdays.com,Female,5.5
456,Zechariah,zbowerycn@hostgator.com,Male,2.3
457,Findlay,fclynmansco@shinystat.com,Male,6.0
458,Ambrosi,acathersidescp@stanford.edu,Male,7.2
459,Cherry,cizakovcq@trellian.com,Female,9.4
460,Ram,rduffilcr@facebook.com,Male,8.2
461,Omar,obuxseycs@illinois.edu,Male,5.0
462,Launce,ldorewardct@google.it,Male,4.9
463,Jerrie,jvaadelandcu@miibeian.gov.cn,Male,8.7
464,Halette,hmelluishcv@indiatimes.com,Female,1.9
465,Min,mbramsomcw@biglobe.ne.jp,Female,1.6
466,Dalila,dcastlemancx@marketwatch.com,Female,3.1
467,Maridel,mfarrercy@technorati.com,Female,1.8
468,Arnuad,amashcz@pbs.org,Male,8.5
469,Carter,csnoddend0@java.com,Male,4.6
470,Marc,mmacgillaveryd1@omniture.com,Agender,4.6
471,Therese,tprantonid2@sfgate.com,Female,6.0
472,Cris,cbertied3@howstuffworks.com,Female,9.9
473,Wainwright,wreisenbergd4@hao123.com,Male,3.4
474,Diannne,dkindleysidesd5@diigo.com,Female,6.3
475,Dorey,dmaffind6@va.gov,Male,1.9
476,Donnell,dnewmand7@java.com,Male,3.9
477,Fleur,fmogfordd8@mtv.com,Female,6.6
478,Dorey,ddrinkeldd9@goodreads.com,Female,8.6
479,Claudette,cphoenixda@scribd.com,Female,2.8
480,Darren,dedmondsdb@independent.co.uk,Male,4.9
481,Gill,gtownbydc@mac.com,Male,5.3
482,Nils,nbrunnerdd@gravatar.com,Male,5.0
483,Rutherford,rinsallde@parallels.com,Male,5.5
484,Clementia,cdobneydf@live.com,Female,9.1
485,Ofilia,oduferiedg@zimbio.com,Female,5.2
486,Kaylil,kworgdh@businessinsider.com,Female,1.1
487,Powell,paskeydi@cyberchimps.com,Male,9.4
488,Bobbie,bmettsdj@nymag.com,Female,2.2
489,Fraser,fbradendk@i2i.jp,Male,9.4
490,Kaleb,kclausewitzdl@nih.gov,Male,5.4
491,Farrel,fwalderdm@woothemes.com,Male,5.4
492,Fredi,faudsleydn@ucsd.edu,Female,9.4
493,Truman,trundledo@walmart.com,Male,9.9
494,Giulietta,gsinkingsdp@timesonline.co.uk,Female,6.4
495,Lusa,lfraynedq@soup.io,Female,3.8
496,Franny,fparmenterdr@dot.gov,Male,5.5
497,Lesli,lmacmeekands@si.edu,Female,1.1
498,Georgina,gkembrydt@kickstarter.com,Female,3.8
499,Fernando,fkeneleysidedu@accuweather.com,Male,7.9
500,Beau,bbrownsmithdv@com.com,Male,7.0
501,Glenda,gswantondw@theglobeandmail.com,Female,3.9
502,Dexter,dpembrydx@so-net.ne.jp,Male,3.9
503,Erinn,eovershottdy@macromedia.com,Female,5.5
504,Benson,bsidondz@1und1.de,Polygender,1.1
505,Kate,ktarriere0@nps.gov,Female,5.3
506,Agustin,amathyse1@about.com,Male,2.7
507,Liz,ldaglesse2@simplemachines.org,Female,6.5
508,Maurise,mdrakese3@apple.com,Male,8.9
509,Nyssa,nmclernone4@cbsnews.com,Female,7.6
510,Fernando,fmenslere5@nyu.edu,Male,9.0
511,Rutledge,rgladtbache6@whitehouse.gov,Male,1.5
512,Reece,rbuiee7@ask.com,Male,1.7
513,Carl,csharpleye8@digg.com,Male,8.9
514,Jock,jcolvinee9@digg.com,Male,3.9
515,Masha,mperhamea@uiuc.edu,Female,8.2
516,Rriocard,rcolbraneb@mac.com,Male,7.7
517,Patton,psavatierec@newyorker.com,Male,6.8
518,Oren,oshapcotted@prweb.com,Agender,5.7
519,Yehudi,ysturgesee@auda.org.au,Male,2.2
520,Sibyl,sstarfordef@topsy.com,Female,1.5
521,Guilbert,giacobassieg@sciencedaily.com,Male,9.2
522,Indira,iatchesoneh@etsy.com,Female,4.3
523,Demetre,dgerokei@xrea.com,Genderfluid,7.2
524,Ali,acastelynej@forbes.com,Female,2.1
525,Alaine,asinnottek@tinypic.com,Female,7.9
526,Faber,fboxerel@mlb.com,Male,1.7
527,Twila,tabraminem@pen.io,Non-binary,4.0
528,Christoper,closebieen@1688.com,Bigender,1.8
529,Cordelia,cbenfieldeo@ftc.gov,Female,9.2
530,Eugenio,espiersep@virginia.edu,Male,2.2
531,Prue,pbriiginshaweq@accuweather.com,Female,7.4
532,Hamlen,hbrigshawer@washingtonpost.com,Male,9.0
533,Lanni,lmaclisees@devhub.com,Female,1.0
534,Kenneth,krichet@people.com.cn,Male,1.5
535,Elisabet,etoulcheu@apache.org,Female,3.0
536,Hermione,hwhitmellev@meetup.com,Female,1.8
537,Jordanna,jjonasew@dedecms.com,Female,7.8
538,Dion,daubrayex@sciencedirect.com,Bigender,9.6
539,Kip,khartlessey@gizmodo.com,Non-binary,2.9
540,Amber,aorsmanez@godaddy.com,Female,7.7
541,Waylin,wbangsf0@acquirethisname.com,Male,3.0
542,Emmet,ebebbellf1@jiathis.com,Male,7.3
543,Gasper,gcolloughf2@washingtonpost.com,Male,4.2
544,Shepperd,sscrigmourf3@nps.gov,Male,2.2
545,Rana,rbrachf4@upenn.edu,Female,8.4
546,Dur,dlumblyf5@google.com.au,Male,8.5
547,Iosep,ibretonf6@livejournal.com,Male,8.2
548,Ernst,eknottef7@vkontakte.ru,Male,3.1
549,Leoine,lmapstonf8@phpbb.com,Female,1.7
550,Erny,eelkinsf9@geocities.jp,Male,6.9
551,Ewart,eglassfordfa@istockphoto.com,Male,7.4
552,Isadora,ilegallfb@people.com.cn,Bigender,5.0
553,Dore,dkobischfc@github.com,Male,2.2
554,Cheslie,cgeillfd@netscape.com,Female,4.9
555,Vernon,vlundfe@icio.us,Male,2.6
556,Dinah,dranvoiseff@harvard.edu,Female,3.2
557,Claire,csoaresfg@gizmodo.com,Male,2.2
558,Kai,kolexafh@techcrunch.com,Female,2.9
559,Ricky,rromaynfi@prweb.com,Female,9.2
560,Ruddy,rcordelettefj@disqus.com,Male,1.0
561,Norean,norrettfk@nsw.gov.au,Female,6.4
562,Doreen,dfiguresfl@reuters.com,Female,1.3
563,Doria,dgilbeefm@blogs.com,Female,5.1
564,Daveta,ddebrettfn@squidoo.com,Female,1.4
565,Linn,ldutsonfo@ning.com,Male,5.8
566,Craig,csticklandfp@vinaora.com,Male,3.0
567,Averil,aatheyfq@imageshack.us,Female,6.8
568,Alexandre,aputleyfr@opera.com,Male,5.8
569,Franciska,fnoweakfs@google.it,Female,1.6
570,Patric,ppetrowskyft@shinystat.com,Male,1.6
571,Paul,pmayzesfu@altervista.org,Male,8.7
572,Sterling,sshearnfv@cisco.com,Male,2.4
573,Madlen,mairthfw@go.com,Female,9.5
574,Niles,nhaleyfx@quantcast.com,Male,6.9
575,Alaric,ahawkswoodfy@nps.gov,Male,8.0
576,Giffard,gashworthfz@flavors.me,Male,6.5
577,Kellsie,ktoveyg0@google.com.br,Bigender,8.2
578,Danica,dgrierg1@weibo.com,Female,7.6
579,Max,myaneevg2@blogs.com,Polygender,6.1
580,Merla,minking3@meetup.com,Female,8.1
581,Walden,wcocherng4@domainmarket.com,Male,2.3
582,Yancy,ymarconeg5@bbc.co.uk,Male,4.8
583,Mathilda,mgutg6@ow.ly,Female,7.9
584,Ainsley,alillymang7@aol.com,Female,5.0
585,Giacopo,gferebeeg8@weather.com,Male,9.5
586,Nomi,npennicardg9@slashdot.org,Bigender,7.5
587,Randi,rcarnalanga@qq.com,Female,2.7
588,Brook,bhurlesgb@guardian.co.uk,Female,4.3
589,Heddi,hpargitergc@rediff.com,Female,9.0
590,Salvador,syesgd@cisco.com,Male,1.2
591,Junia,jgreenwoodge@illinois.edu,Female,3.2
592,Annora,abrandsgf@berkeley.edu,Non-binary,9.4
593,Faustina,fleiskgg@vimeo.com,Female,1.8
594,Stephan,sdutchburngh@princeton.edu,Male,9.8
595,Munmro,mbythellgi@theatlantic.com,Male,8.8
596,Ferdinanda,fcrepelgj@123-reg.co.uk,Female,3.6
597,Eleanora,elympanygk@naver.com,Female,1.8
598,Ludovika,lguicegl@bandcamp.com,Female,4.5
599,Gene,gpovahgm@opensource.org,Male,8.1
600,Rex,rlevinegn@github.io,Male,8.2
601,Esme,efranklingo@qq.com,Male,4.1
602,Kevyn,kmintramgp@craigslist.org,Female,8.6
603,Lu,lascroftgq@chronoengine.com,Female,4.7
604,Arlena,aaprahamiangr@yahoo.com,Female,8.2
605,Frank,fodyvoygs@shutterfly.com,Male,8.3
606,Marline,mgainesgt@mit.edu,Bigender,2.5
607,Falkner,fraritygu@liveinternet.ru,Male,3.8
608,Allison,agalbrethgv@moonfruit.com,Female,6.6
609,Gabbi,garnettgw@hao123.com,Female,6.1
610,Bernie,bfrayngx@harvard.edu,Female,4.5
611,Ashlan,acattlowgy@yolasite.com,Female,6.2
612,August,ascorthornegz@flickr.com,Male,6.0
613,Catarina,cochterlonieh0@oakley.com,Polygender,4.5
614,Jude,jbalmeh1@fda.gov,Male,3.5
615,Casey,cpleadenh2@linkedin.com,Male,5.1
616,Benedikta,bbelhomeh3@statcounter.com,Female,3.5
617,Jania,jsnalhamh4@yandex.ru,Female,8.9
618,Cyndie,cpoloh5@bbb.org,Female,7.8
619,Cindi,cpresleyh6@photobucket.com,Female,9.7
620,Willy,wnaismithh7@usa.gov,Female,8.4
621,Mara,mbausmannh8@yellowbook.com,Female,7.1
622,Quillan,qworpoleh9@comsenz.com,Male,1.3
623,Leopold,lfiddyha@pen.io,Male,7.8
624,Rubi,redlynehb@uiuc.edu,Female,3.2
625,Bay,bdeinerthc@lycos.com,Male,8.7
626,Carling,cbankeshd@irs.gov,Male,4.8
627,Rudolf,rclemanceauhe@ft.com,Male,6.7
628,Merna,mmeriethf@miitbeian.gov.cn,Female,5.2
629,Kayne,konianshg@networksolutions.com,Male,9.6
630,Evvy,ewarcophh@parallels.com,Female,3.2
631,Maurise,mgorrieshi@slate.com,Female,6.6
632,Gabriello,gwidmorehj@newyorker.com,Male,7.6
633,Rochette,rpetworthhk@businessweek.com,Female,2.9
634,Ermin,echoldcrofthl@delicious.com,Male,1.1
635,Sibilla,sshermehm@google.es,Female,1.7
636,Frederigo,fbrookziehn@ask.com,Genderfluid,7.5
637,Marissa,mromainho@theglobeandmail.com,Female,5.4
638,Rodrick,rraynhamhp@creativecommons.org,Male,1.5
639,Sidonia,shavertyhq@4shared.com,Female,7.3
640,Bride,bhamshawhr@springer.com,Female,4.5
641,Mikey,mloderhs@shareasale.com,Male,3.9
642,Marleen,mgarritleyht@engadget.com,Female,4.2
643,Shannen,speegremhu@bing.com,Female,2.4
644,Philippine,ptuppenyhv@angelfire.com,Female,3.6
645,Gerard,gralfehw@google.ca,Male,6.7
646,Kort,kserchwellhx@nydailynews.com,Male,2.4
647,Neil,ncloweshy@weather.com,Male,4.3
648,Danita,dcasellahz@forbes.com,Female,8.0
649,Toddie,trosenbuschi0@tripod.com,Male,9.8
650,Marybeth,mdelaguai1@histats.com,Female,5.4
651,Corabel,cbiddlesi2@merriam-webster.com,Female,4.5
652,Harwilll,hwillowbyi3@flavors.me,Male,6.4
653,Jemima,jstockmani4@trellian.com,Female,9.0
654,Kilian,kdiklei5@typepad.com,Male,9.3
655,Avis,aruiltoni6@slideshare.net,Female,3.7
656,Bronny,bclosei7@ucsd.edu,Male,5.4
657,Nanny,nsansi8@wiley.com,Female,3.3
658,Sig,smilazzoi9@google.com.au,Male,2.8
659,Nissa,nmurtellia@businessinsider.com,Female,1.1
660,Abbey,akinleysideib@unc.edu,Female,9.6
661,Gill,gmouanic@yandex.ru,Male,5.7
662,Willey,wsimmsid@sourceforge.net,Male,6.9
663,Obidiah,obyrkmyrie@tiny.cc,Male,6.4
664,Justin,jcarlanif@accuweather.com,Male,3.3
665,Elyssa,ealgateig@constantcontact.com,Female,9.2
666,Bryna,bpendleih@salon.com,Female,7.1
667,Benita,bcruftsii@shutterfly.com,Female,5.8
668,Perla,pvallentinij@facebook.com,Female,8.5
669,Kimball,kleiskik@europa.eu,Male,2.4
670,Peirce,pskeail@princeton.edu,Male,2.0
671,Carmela,csamsworthim@howstuffworks.com,Female,1.2
672,Israel,igiacobazziin@issuu.com,Male,8.8
673,Candida,cjandaio@walmart.com,Female,7.7
674,Lorry,lchristofeip@state.tx.us,Female,1.4
675,Margarette,mbesseyiq@sitemeter.com,Female,9.0
676,Rosy,rtremethackir@flavors.me,Non-binary,6.1
677,Alina,asyvretis@reverbnation.com,Female,1.0
678,Jody,jsidwellit@scribd.com,Genderfluid,8.5
679,Rudolf,rnisbithiu@arstechnica.com,Male,1.1
680,Orrin,ogorceiv@baidu.com,Male,1.3
681,Corene,ckertessiw@gmpg.org,Female,5.4
682,Francesco,fstoneleyix@yellowpages.com,Male,4.4
683,Symon,smanifieldiy@ehow.com,Male,3.0
684,Nissy,nshortiz@spotify.com,Female,1.6
685,Johnnie,jpetrussij0@lulu.com,Male,5.9
686,Arny,awildej1@tmall.com,Male,7.8
687,Guenevere,glapsliej2@wikipedia.org,Female,3.2
688,Valli,vgollardj3@symantec.com,Female,3.5
689,Hildy,hmccobbj4@whitehouse.gov,Female,9.6
690,Shurwood,sgavenj5@nps.gov,Male,3.3
691,Reynard,rrichensj6@dyndns.org,Male,1.9
692,Ansell,aramblej7@ucoz.com,Male,4.8
693,Francesca,fblacksterj8@list-manage.com,Female,8.2
694,Bertie,bgodbaldj9@nature.com,Female,3.3
695,Carmelle,csivernsja@exblog.jp,Female,8.8
696,Holli,hantoniazzijb@apache.org,Female,3.1
697,Damaris,drampleyjc@rakuten.co.jp,Female,5.6
698,Lemmy,lbertotjd@ehow.com,Male,1.5
699,Brunhilda,bfarnyje@sohu.com,Female,8.4
700,Claude,csunmanjf@senate.gov,Female,8.6
701,Guillermo,gellenjg@sakura.ne.jp,Male,4.4
702,Dewitt,draubenheimerjh@php.net,Male,4.8
703,Derick,ddytonji@usda.gov,Male,1.2
704,Lodovico,lsallnowjj@angelfire.com,Male,5.2
705,Mikol,mmitchleyjk@wufoo.com,Male,4.0
706,Vick,vkaveneyjl@fda.gov,Male,2.3
707,Hewett,hlandesjm@weebly.com,Male,8.2
708,Bartlett,bwinsletjn@indiegogo.com,Male,6.9
709,Katharina,kcorcutjo@123-reg.co.uk,Female,5.9
710,Elisa,esugarjp@technorati.com,Female,4.5
711,Dene,dcrawshayjq@kickstarter.com,Male,3.9
712,Brynne,bdearelljr@nih.gov,Female,2.4
713,Zorana,zreimsjs@boston.com,Female,4.3
714,Jule,jcrowdyjt@jimdo.com,Male,8.9
715,Jamil,jvennartju@merriam-webster.com,Male,1.6
716,Giselbert,gtremblayjv@webnode.com,Male,4.7
717,D'arcy,dnaresjw@reuters.com,Male,4.1
718,Mile,mcassyjx@typepad.com,Male,4.1
719,Igor,ibraunthaljy@spotify.com,Male,7.5
720,Antin,atroutbeckjz@businessweek.com,Male,3.3
721,Kylila,kwantlingk0@cdc.gov,Genderfluid,2.1
722,Hedda,hbertenshawk1@opera.com,Female,6.3
723,Roseline,rcarvillk2@sitemeter.com,Female,9.6
724,Mahmud,mwinbornk3@blogs.com,Male,2.6
725,Thayne,thassink4@timesonline.co.uk,Male,6.1
726,Evangelia,emitchardk5@taobao.com,Genderfluid,7.6
727,Webb,wkillbeyk6@behance.net,Male,1.8
728,Ritchie,rmoulandk7@altervista.org,Male,6.8
729,Margalo,melisk8@cbslocal.com,Female,9.0
730,Aron,aaugustusk9@sfgate.com,Male,4.4
731,Druci,djoaoka@google.es,Female,8.5
732,Alessandra,alevenskykb@zimbio.com,Female,6.4
733,Riane,rmaccaughenkc@vistaprint.com,Polygender,6.1
734,Elfrida,erowthkd@github.io,Agender,1.4
735,Diego,dgriffoenke@columbia.edu,Male,2.0
736,Lonny,lklimentkf@mediafire.com,Male,1.2
737,Elmer,ealuardkg@mashable.com,Male,5.4
738,Celia,cbanghamkh@tmall.com,Female,6.0
739,Mada,mdowningki@who.int,Female,3.9
740,Tybie,tgillingwaterkj@theguardian.com,Female,3.9
741,Juana,jsawfordkk@myspace.com,Female,9.8
742,Branden,bgrogonakl@netscape.com,Male,7.5
743,Rikki,rpetraitiskm@1688.com,Polygender,1.3
744,Coralyn,ceadykn@illinois.edu,Female,7.3
745,Laurie,lglenko@bravesites.com,Male,1.4
746,Odell,ojackettskp@last.fm,Male,7.4
747,Mata,mbaffordkq@cornell.edu,Male,4.5
748,Tremayne,tdellentykr@tinypic.com,Male,7.3
749,Darnall,dmacduffks@va.gov,Polygender,7.6
750,Leroi,laucockkt@facebook.com,Male,1.1
751,Sherrie,scressyku@mlb.com,Genderqueer,2.8
752,Julee,jlockyearkv@squarespace.com,Female,5.1
753,Aldin,aericssenkw@dailymail.co.uk,Male,7.8
754,Freda,fkreuzerkx@lycos.com,Female,7.8
755,Rurik,rwasielewiczky@opera.com,Male,3.1
756,Noel,nliftonkz@simplemachines.org,Bigender,1.7
757,Hobey,hfriedankl0@phoca.cz,Bigender,2.2
758,Marjorie,mphidginl1@w3.org,Female,4.6
759,Lucila,lduhamell2@sfgate.com,Non-binary,1.5
760,Galen,gscoggansl3@posterous.com,Male,6.5
761,Charline,cbaszkiewiczl4@newyorker.com,Female,1.1
762,Theodore,tdelamerel5@netvibes.com,Male,6.8
763,Gerrilee,gwoodroffel6@ox.ac.uk,Female,5.1
764,Ivie,islisbyl7@mozilla.org,Female,2.4
765,Lombard,lhaswalll8@slate.com,Male,2.5
766,Dale,drossantl9@samsung.com,Male,10.0
767,Winfred,wdaymondla@prweb.com,Male,4.2
768,Brear,bheitonlb@fastcompany.com,Female,7.6
769,Inga,ilefleylc@google.ru,Female,7.8
770,Georgina,gturbayneld@vkontakte.ru,Female,8.3
771,Pollyanna,pmaundle@aboutads.info,Female,1.4
772,Janie,jfeathersbylf@ehow.com,Female,5.5
773,Tamiko,ttharmelg@miitbeian.gov.cn,Female,1.1
774,Gerhardine,gscholefieldlh@patch.com,Female,4.2
775,Claudianus,cguttridgeli@usgs.gov,Male,1.7
776,Flory,fkamalllj@cornell.edu,Agender,7.6
777,Beth,bguntonlk@wix.com,Female,5.7
778,Demeter,dpargetterll@prweb.com,Female,8.4
779,Editha,eschuchmacherlm@accuweather.com,Female,8.8
780,Willem,wlynockln@ask.com,Agender,2.9
781,Ailey,ahartgilllo@webnode.com,Polygender,9.3
782,Elvera,ehugeninlp@patch.com,Female,2.2
783,Cull,cdimitrielq@163.com,Male,7.3
784,Hadleigh,hloomeslr@1und1.de,Male,2.2
785,Sterling,sbrunstanls@webeden.co.uk,Male,9.7
786,Jacob,jkincadelt@wsj.com,Male,2.2
787,Conrade,ckibblelu@paypal.com,Male,5.0
788,Debee,dacreslv@prlog.org,Female,9.0
789,Sheppard,sboninlw@1688.com,Male,3.9
790,Sherlock,smcewanlx@whitehouse.gov,Male,4.8
791,Dennie,djaramly@nydailynews.com,Female,2.1
792,Nev,nfransemailz@reuters.com,Male,3.6
793,Shelli,shartinm0@tmall.com,Female,9.4
794,Raddy,rpaolillom1@livejournal.com,Male,3.1
795,Louie,lgaspardm2@dailymotion.com,Male,9.8
796,Robina,rfantinm3@fc2.com,Female,3.5
797,Delmore,dtrewettm4@bloomberg.com,Genderfluid,9.9
798,Duffie,dhebditchm5@independent.co.uk,Male,1.2
799,Maurizio,mbellochtm6@nationalgeographic.com,Male,3.5
800,Boycey,bneljesm7@addthis.com,Male,2.1
801,Oliver,obrentonm8@house.gov,Male,7.1
802,Elle,eemerym9@princeton.edu,Female,4.3
803,Leighton,lridema@europa.eu,Male,4.5
804,Efrem,eleavensmb@tripadvisor.com,Male,2.1
805,Cyndi,cedowesmc@latimes.com,Female,9.6
806,Penny,pparncuttmd@clickbank.net,Male,3.1
807,Emiline,esowoodme@domainmarket.com,Female,6.5
808,Kayne,kferensmf@lycos.com,Male,8.5
809,Kristel,kfulkermg@mac.com,Female,5.6
810,Ofilia,oweavingmh@reuters.com,Female,6.8
811,Josee,jhowcroftmi@google.co.jp,Female,5.3
812,Jermayne,jbatsonmj@amazon.de,Male,6.9
813,Damaris,dfurbermk@yellowpages.com,Female,3.5
814,Wylma,wharceml@hhs.gov,Female,2.6
815,Cameron,crobymm@ezinearticles.com,Male,5.4
816,Marnie,mpetrillomn@dell.com,Female,6.0
817,Reina,rtruluckmo@tamu.edu,Female,5.4
818,Emalia,eparagreenmp@dropbox.com,Bigender,2.8
819,Starlin,sskipseymq@usgs.gov,Female,3.1
820,Opal,otreacymr@latimes.com,Female,2.8
821,Anthia,adroverms@narod.ru,Female,8.3
822,Caz,crivalandmt@globo.com,Male,4.2
823,Homerus,hbeatymu@unicef.org,Male,2.0
824,Penn,preesonmv@house.gov,Male,6.7
825,Sharla,shuffadinemw@un.org,Female,3.8
826,Justis,jlaybournmx@latimes.com,Polygender,7.7
827,Eddie,etwinningmy@adobe.com,Male,9.7
828,Valina,vmayceymz@cbc.ca,Female,5.3
829,Paddie,pcarneyn0@bigcartel.com,Male,2.6
830,Bran,bdimicn1@dion.ne.jp,Male,9.7
831,Jeremie,jmelsomn2@hibu.com,Male,8.3
832,Adolf,amilwardn3@bbc.co.uk,Male,5.1
833,Janis,jrenen4@lycos.com,Female,8.1
834,Dian,dbullann5@mail.ru,Female,8.8
835,Doug,dvernern6@google.de,Male,7.9
836,Katharyn,kloncastern7@cbsnews.com,Non-binary,4.1
837,Bartram,bshovelln8@spotify.com,Male,7.7
838,Vita,vcanteran9@archive.org,Female,3.5
839,Cassie,cratnegena@cornell.edu,Polygender,7.2
840,Vivia,vcottisfordnb@businessweek.com,Female,9.5
841,Jaymee,jdaldannc@jimdo.com,Female,7.8
842,Andrey,ahaylandnd@flavors.me,Male,8.5
843,Nikolai,nglencorsene@123-reg.co.uk,Male,6.5
844,Alfy,afrancescuccionf@cdc.gov,Female,1.6
845,Murielle,mpearsallng@tripod.com,Female,6.0
846,Correy,cslowlynh@hc360.com,Female,1.1
847,Maura,mzealyni@mozilla.com,Female,6.3
848,Jayme,jfrosdicknj@goo.ne.jp,Male,4.9
849,Gert,gkondratenyank@phpbb.com,Female,6.5
850,Joline,jyurkevichnl@narod.ru,Female,8.0
851,Tully,tchanceliernm@mapy.cz,Male,1.5
852,Ferdinande,fbrehatnn@furl.net,Female,9.1
853,Rivy,rbenfieldno@bing.com,Female,1.9
854,Alasteir,alawtynp@bandcamp.com,Male,1.1
855,Pauline,pcraigienq@marketwatch.com,Female,6.2
856,Parke,pvondraknr@yandex.ru,Male,2.3
857,Josefa,jfersonns@i2i.jp,Female,2.5
858,Horten,hwilmotnt@mapquest.com,Male,3.4
859,Karlis,kranvoisenu@w3.org,Male,3.2
860,Gordy,gparknv@virginia.edu,Male,3.6
861,Louisa,lcowpernw@mozilla.com,Female,5.6
862,Jeana,jmyhannx@feedburner.com,Female,9.8
863,Skipton,sgilardiny@ifeng.com,Male,8.9
864,Jarret,jhenningtonnz@multiply.com,Male,1.9
865,Rhodie,rbartoszewskio0@usa.gov,Female,9.2
866,Zolly,ztithacotto1@alexa.com,Male,8.2
867,Danyelle,ddayntero2@1688.com,Female,8.2
868,Evey,eblunseno3@si.edu,Female,7.8
869,Ursulina,ucessfordo4@scientificamerican.com,Female,2.1
870,Rozamond,ryitzowitzo5@spiegel.de,Female,2.6
871,Sonnie,ssiviouro6@mozilla.com,Male,2.4
872,Devondra,dflacknello7@pagesperso-orange.fr,Female,8.4
873,Eddy,erileyo8@ft.com,Female,3.2
874,Trumann,tkillbyo9@paginegialle.it,Male,5.5
875,Curr,cpeachmentoa@rambler.ru,Male,6.0
876,Brock,bquakleyob@1und1.de,Male,9.4
877,Moishe,mbarhemoc@foxnews.com,Male,7.8
878,Dinah,dbarnewilleod@boston.com,Female,9.9
879,Garvy,gigglesdenoe@miibeian.gov.cn,Male,1.2
880,Marie-ann,mbogeyof@sbwire.com,Female,9.7
881,Tripp,thitschkeog@nytimes.com,Male,9.0
882,Paulie,pfeltonoh@behance.net,Female,6.8
883,Ty,twasbroughoi@bravesites.com,Male,3.7
884,Hobart,hwhelbandoj@noaa.gov,Non-binary,8.1
885,Broddie,bkennicottok@fastcompany.com,Male,7.3
886,Devon,dgobertol@cnn.com,Female,6.8
887,Germayne,ghudlessom@bizjournals.com,Male,3.0
888,My,mkaiseron@alexa.com,Male,5.5
889,Andonis,ayushachkovoo@google.ru,Male,2.4
890,Jeffry,jruslenop@wordpress.org,Male,1.8
891,Austin,abeuscheroq@cloudflare.com,Male,4.0
892,Asa,aashbridgeor@sourceforge.net,Male,9.0
893,Wanids,wyessonos@google.nl,Female,1.5
894,Sheff,sdeloozeot@state.gov,Male,8.4
895,Red,ryushkinou@mail.ru,Male,2.2
896,Sayres,ssoalov@examiner.com,Male,8.0
897,Emalee,eolesenow@sina.com.cn,Female,9.5
898,Loralyn,lcunninghamox@discovery.com,Female,8.0
899,Alaric,aroderhamoy@wufoo.com,Male,9.2
900,Sutherland,smorenaoz@google.fr,Male,3.4
901,Ali,aandreup0@google.com.br,Male,4.7
902,Ganny,ghazleyp1@patch.com,Male,7.9
903,Becka,bbatterhamp2@si.edu,Female,7.5
904,Norman,ngellandp3@rakuten.co.jp,Male,5.4
905,Lind,lmatonp4@free.fr,Female,9.5
906,Brewer,bbeadesp5@posterous.com,Male,7.1
907,Elisa,eriddp6@ask.com,Agender,8.4
908,Emmeline,eropartzp7@flavors.me,Female,9.1
909,Desmund,dellesworthep8@cdbaby.com,Male,2.6
910,Vivienne,vsambrookp9@webnode.com,Female,5.4
911,Isabelle,iyukhtinpa@tmall.com,Female,9.2
912,Shina,swilmorepb@mtv.com,Genderqueer,5.3
913,Alfy,adruittpc@samsung.com,Female,1.1
914,Rolf,rmanchettpd@fastcompany.com,Male,2.6
915,Gayelord,gcorype@google.cn,Male,2.9
916,Maryl,mtrussepf@reuters.com,Female,10.0
917,Patric,pcurrmpg@ox.ac.uk,Male,2.5
918,Alikee,amillsonph@answers.com,Female,7.5
919,Elysee,ebaggotpi@edublogs.org,Female,3.6
920,Gardiner,gtelezhkinpj@unicef.org,Male,1.1
921,Verne,vcoddringtonpk@cam.ac.uk,Male,9.8
922,Lezlie,ljakubovitchpl@va.gov,Bigender,8.7
923,Kevina,kstrathepm@businessweek.com,Agender,5.4
924,Charla,ctriplowpn@tumblr.com,Female,3.4
925,Kandy,kcamfieldpo@toplist.cz,Genderfluid,2.3
926,Reed,ralentyevpp@dot.gov,Male,1.2
927,Mauricio,mkniftonpq@exblog.jp,Male,7.9
928,Agnes,afrigoutpr@bluehost.com,Female,2.0
929,August,ajillisps@usgs.gov,Male,6.5
930,Page,pwisdishpt@mlb.com,Female,9.6
931,Flossi,fdewhirstpu@shutterfly.com,Female,4.3
932,Marybeth,mgaugepv@angelfire.com,Female,2.1
933,Fianna,fpeerpw@amazon.co.jp,Female,1.5
934,Natty,nepsleypx@arstechnica.com,Female,5.5
935,Ely,ewinterbornepy@nifty.com,Male,9.3
936,Rickey,rcaughtepz@oracle.com,Male,1.2
937,Giorgia,gtizzardq0@uol.com.br,Female,7.3
938,Dag,dwrightamq1@wiley.com,Male,8.3
939,Eartha,edurantq2@rakuten.co.jp,Female,7.3
940,Nerta,ngianoliniq3@seattletimes.com,Female,9.3
941,Britte,bbrinsdenq4@businessweek.com,Female,3.1
942,Rochette,rcrankeq5@businesswire.com,Female,8.2
943,Jenine,jbraddonq6@wix.com,Female,6.0
944,Kassandra,kgyppsq7@cdbaby.com,Female,9.4
945,Robbie,rdauneyq8@eventbrite.com,Female,5.9
946,Clifford,cportmanq9@cdbaby.com,Male,2.5
947,Merwyn,mconkieqa@hhs.gov,Male,3.4
948,Maddi,mordemannqb@yandex.ru,Female,5.5
949,Lanny,ldewsburyqc@wisc.edu,Female,1.5
950,Skipton,screeboeqd@google.fr,Male,6.0
951,Burl,bjordisonqe@cnbc.com,Male,6.7
952,Baird,bhampshireqf@wsj.com,Male,2.0
953,Phaidra,pesparzaqg@marketwatch.com,Female,4.0
954,Ronda,rcroughanqh@wordpress.org,Female,9.2
955,Ryun,rbucknallqi@howstuffworks.com,Male,9.0
956,Xenia,xmolineqj@microsoft.com,Female,5.4
957,Alister,akilloughqk@archive.org,Male,8.7
958,Levi,lloddyql@twitpic.com,Male,7.2
959,Farris,fdumpletonqm@cargocollective.com,Male,2.1
960,Alf,abritnerqn@kickstarter.com,Male,3.5
961,Tessi,treiglarqo@angelfire.com,Female,10.0
962,Malcolm,mgarciqp@infoseek.co.jp,Male,2.3
963,Matthus,mbirtwellqq@barnesandnoble.com,Male,4.6
964,Vernen,vjanskyqr@flavors.me,Male,8.8
965,Sandie,slangthorneqs@gov.uk,Female,1.9
966,Dennie,dreubbensqt@ycombinator.com,Polygender,8.5
967,Vivian,vvoddenqu@deviantart.com,Female,3.3
968,Letitia,lsongustqv@dailymail.co.uk,Polygender,1.3
969,Nesta,nmulbryqw@ustream.tv,Female,4.5
970,Scarface,sharberqx@cocolog-nifty.com,Male,9.3
971,Natalie,nboyanqy@sitemeter.com,Female,9.7
972,Chris,cheindrickqz@nytimes.com,Male,2.4
973,Durand,dgehringerr0@army.mil,Male,8.4
974,Maxy,mvoglr1@icio.us,Male,8.8
975,Rabi,rschiellr2@chron.com,Male,7.6
976,Helaine,hmaddafordr3@usatoday.com,Female,5.4
977,Eddie,emaginotr4@hostgator.com,Female,4.4
978,Rupert,rclendinningr5@sphinn.com,Male,2.8
979,Earvin,emcguinessr6@t.co,Male,4.3
980,Corbett,cosgarr7@rambler.ru,Genderfluid,3.9
981,Golda,gcalendarr8@adobe.com,Female,9.5
982,Monroe,mswiffanr9@foxnews.com,Male,6.4
983,Bearnard,bbussenra@skyrock.com,Male,4.1
984,Finlay,fcorderorb@com.com,Male,2.9
985,Tandie,trosenbushrc@google.nl,Female,6.3
986,Betsey,bmcivorrd@utexas.edu,Female,4.6
987,Amos,awheelanre@imgur.com,Male,2.1
988,Camila,cwagnerrf@blogtalkradio.com,Female,8.1
989,Katusha,klecountrg@twitter.com,Female,1.8
990,Myrtice,mmccrannrh@zdnet.com,Female,1.8
991,Elyn,eleavensri@upenn.edu,Female,8.7
992,Duff,dalmonrj@google.com.br,Male,7.4
993,Berri,bpolsonrk@hao123.com,Female,9.7
994,Vivian,vbavisterrl@fda.gov,Female,3.8
995,Stearn,sblumfieldrm@reddit.com,Male,2.4
996,Leon,lcelezrn@addtoany.com,Male,8.2
997,Urson,umackainro@skyrock.com,Male,7.0
998,Michale,mhalloranrp@yandex.ru,Male,6.6
999,Patrick,pdjekovicrq@nifty.com,Male,2.6
1000,Nero,nfiliprr@usgs.gov,Male,1.3
