STUDENT_ID,Name,Math,Science,English,Total,Grade
1,Felice,79,54,63.4,196.4,C
2,Ruthie,29,24,26.9,79.9,D
3,Nickie,85,10,51.5,146.5,D
4,Paule,91,48,97.9,236.9,B
5,Ruthie,46,71,21.1,138.1,D
6,Roberta,62,12,15.5,89.5,D
7,Jolie,37,69,73.5,179.5,C
8,Deeann,20,82,47.6,149.6,D
9,Gilda,32,85,5.3,122.3,D
10,Zacherie,47,24,30.1,101.1,D
11,Reta,91,73,35.9,199.9,C
12,Andree,79,85,30.8,194.8,C
13,Adria,53,75,88.2,216.2,B
14,Nonie,17,90,47.2,154.2,C
15,Dalton,82,22,15.9,119.9,D
16,Osmund,4,50,19.6,73.6,D
17,Meryl,50,32,78.9,160.9,C
18,Ade,8,43,4.0,55.0,D
19,Karola,92,38,28.0,158.0,C
20,Gage,40,15,8.8,63.8,D
21,Nikolas,82,49,60.3,191.3,C
22,Luciana,42,5,73.0,120.0,D
23,Dexter,14,50,67.0,131.0,D
24,Lorry,91,73,82.0,246.0,B
25,Hurlee,84,17,47.1,148.1,D
26,Roshelle,52,64,41.3,157.3,C
27,Fidel,18,1,5.5,24.5,D
28,Lisha,93,95,67.1,255.1,A
29,Den,46,76,89.6,211.6,B
30,Cecilla,62,18,12.2,92.2,D
31,Liv,54,82,21.1,157.1,C
32,Ives,65,60,23.4,148.4,D
33,Ky,80,86,80.6,246.6,B
34,Noami,78,28,26.9,132.9,D
35,Ailis,37,92,23.3,152.3,C
36,Lissi,70,41,41.5,152.5,C
37,Belle,41,57,52.2,150.2,C
38,Sabina,46,10,18.7,74.7,D
39,Harold,86,39,93.1,218.1,B
40,Clarissa,41,52,37.4,130.4,D
41,Lonnard,70,99,58.9,227.9,B
42,Corbet,30,87,2.5,119.5,D
43,Ailis,74,49,78.8,201.8,B
44,Duffy,57,12,34.7,103.7,D
45,Karmen,80,62,86.2,228.2,B
46,Margette,25,58,38.1,121.1,D
47,Wood,69,68,1.3,138.3,D
48,Orville,18,67,23.3,108.3,D
49,Shell,57,23,45.2,125.2,D
50,Amelita,16,62,19.6,97.6,D
51,Mackenzie,89,99,62.1,250.1,A
52,Cathryn,36,98,14.6,148.6,D
53,Chet,8,20,16.5,44.5,D
54,Diane,25,41,49.8,115.8,D
55,Rodolphe,79,32,68.6,179.6,C
56,Frannie,80,19,81.2,180.2,C
57,Milt,56,33,75.9,164.9,C
58,Gaylord,38,10,20.8,68.8,D
59,Cherish,37,44,19.0,100.0,D
60,Neille,69,0,38.4,107.4,D
61,Letisha,56,79,89.3,224.3,B
62,Abbe,51,28,7.1,86.1,D
63,Felike,99,28,89.3,216.3,B
64,Merrielle,69,33,15.5,117.5,D
65,Fancy,26,98,25.7,149.7,D
66,Rubetta,23,61,65.0,149.0,D
67,Curtice,53,19,69.5,141.5,D
68,Isadora,13,1,64.3,78.3,D
69,Rollo,69,78,16.0,163.0,C
70,Oona,82,74,51.7,207.7,B
71,Adriane,50,12,58.6,120.6,D
72,Ameline,41,15,94.3,150.3,C
73,Gwyneth,62,80,36.2,178.2,C
74,Tana,96,6,3.8,105.8,D
75,Bent,53,34,31.6,118.6,D
76,Noell,46,70,6.6,122.6,D
77,Quintus,1,57,17.3,75.3,D
78,Arabel,65,83,19.2,167.2,C
79,Rosabelle,49,5,59.4,113.4,D
80,Ruprecht,5,89,7.3,101.3,D
81,Wake,82,11,92.2,185.2,C
82,Durward,23,60,97.2,180.2,C
83,Laird,79,62,23.7,164.7,C
84,Kevan,44,41,0.2,85.2,D
85,Kimberli,45,76,46.9,167.9,C
86,Delphinia,47,42,69.1,158.1,C
87,Charmian,56,88,56.4,200.4,B
88,Adelbert,28,3,38.2,69.2,D
89,Valdemar,28,72,32.5,132.5,D
90,Marty,59,92,80.2,231.2,B
91,Therine,65,21,59.6,145.6,D
92,Karol,89,35,71.0,195.0,C
93,Melodie,54,32,34.7,120.7,D
94,Rori,19,81,7.6,107.6,D
95,Belvia,92,98,78.0,268.0,A
96,Ramsay,51,70,98.1,219.1,B
97,Milty,63,26,92.6,181.6,C
98,Blane,46,52,74.9,172.9,C
99,Terrijo,82,71,42.8,195.8,C
100,Cale,2,97,60.0,159.0,C
101,Inger,13,76,65.5,154.5,C
102,Yevette,58,35,11.8,104.8,D
103,Val,20,22,45.5,87.5,D
104,Breena,5,60,13.9,78.9,D
105,Salomone,70,72,17.1,159.1,C
106,Dall,30,75,59.0,164.0,C
107,Ware,19,4,21.5,44.5,D
108,Benoit,63,74,50.5,187.5,C
109,Stu,75,74,19.8,168.8,C
110,Tad,43,68,57.2,168.2,C
111,Di,35,79,77.1,191.1,C
112,Fredericka,90,10,17.8,117.8,D
113,Alyse,33,51,53.3,137.3,D
114,Paola,14,91,65.3,170.3,C
115,Benjamen,21,99,14.8,134.8,D
116,Corella,55,77,74.9,206.9,B
117,Bunny,28,34,3.6,65.6,D
118,Gilberta,51,90,17.6,158.6,C
119,Inga,84,83,90.5,257.5,A
120,Wenda,88,69,94.3,251.3,A
121,Lucine,71,21,70.0,162.0,C
122,Del,84,57,69.1,210.1,B
123,Nobie,39,70,84.3,193.3,C
124,Tallie,75,30,0.8,105.8,D
125,Willis,45,50,35.5,130.5,D
126,Riley,81,68,16.0,165.0,C
127,Clim,34,40,27.0,101.0,D
128,Lem,39,46,39.3,124.3,D
129,Regina,43,88,11.6,142.6,D
130,Lissy,27,82,62.4,171.4,C
131,Ramon,35,17,69.0,121.0,D
132,Marney,43,10,46.8,99.8,D
133,Frederick,19,2,29.8,50.8,D
134,Brook,52,33,93.1,178.1,C
135,Bud,0,53,98.5,151.5,C
136,Phillipp,78,51,54.3,183.3,C
137,Jeralee,23,10,53.5,86.5,D
138,Alla,6,98,54.4,158.4,C
139,Penny,12,10,48.2,70.2,D
140,Bidget,54,63,78.3,195.3,C
141,Eachelle,89,93,21.1,203.1,B
142,Collete,30,21,44.7,95.7,D
143,Bordie,23,45,59.9,127.9,D
144,Davon,77,18,75.0,170.0,C
145,Patrizia,38,30,80.5,148.5,D
146,Taddeusz,34,54,47.1,135.1,D
147,Ronica,77,59,44.3,180.3,C
148,Alden,0,80,93.7,173.7,C
149,Levin,59,27,62.0,148.0,D
150,Nathan,79,26,72.3,177.3,C
151,Ivette,24,11,14.4,49.4,D
152,Frances,28,27,20.8,75.8,D
153,Cameron,89,40,46.2,175.2,C
154,Elsie,77,99,49.6,225.6,B
155,Vernon,5,55,97.3,157.3,C
156,Tyne,81,22,79.2,182.2,C
157,Othella,16,20,73.9,109.9,D
158,Trudey,6,46,64.9,116.9,D
159,Conroy,1,26,50.0,77.0,D
160,Cynthie,42,23,64.4,129.4,D
161,Kylie,12,9,36.2,57.2,D
162,Morissa,28,71,41.7,140.7,D
163,Analise,79,61,42.1,182.1,C
164,Allsun,38,20,29.2,87.2,D
165,Geri,23,54,64.1,141.1,D
166,Reba,77,8,24.4,109.4,D
167,Glendon,4,29,8.4,41.4,D
168,Gabriell,16,84,63.2,163.2,C
169,Issy,86,49,99.7,234.7,B
170,Etienne,81,86,23.6,190.6,C
171,Ellis,87,77,44.3,208.3,B
172,Leelah,0,28,43.7,71.7,D
173,Thibaud,80,83,41.8,204.8,B
174,Goraud,50,30,98.8,178.8,C
175,Hilarius,8,95,0.9,103.9,D
176,Stella,79,50,50.6,179.6,C
177,Tabby,10,92,99.5,201.5,B
178,Marlin,56,67,48.7,171.7,C
179,Hadleigh,25,45,35.2,105.2,D
180,Waring,57,95,18.6,170.6,C
181,Ruthy,20,79,5.0,104.0,D
182,Grenville,58,28,51.5,137.5,D
183,Brand,4,36,76.6,116.6,D
184,Nichole,64,43,2.9,109.9,D
185,Paxton,63,79,11.4,153.4,C
186,Kaiser,61,4,52.2,117.2,D
187,Phebe,32,18,23.9,73.9,D
188,Bailie,36,72,87.7,195.7,C
189,Mollee,75,98,95.6,268.6,A
190,Onida,8,24,68.8,100.8,D
191,Lucita,87,27,88.6,202.6,B
192,Rawley,87,53,70.3,210.3,B
193,Hendrika,71,27,36.3,134.3,D
194,Oby,25,10,85.7,120.7,D
195,Emeline,81,60,9.6,150.6,C
196,Christos,76,46,62.6,184.6,C
197,Sancho,66,93,17.2,176.2,C
198,Dotti,78,43,82.4,203.4,B
199,Yulma,79,65,82.5,226.5,B
200,Keir,76,11,94.0,181.0,C
201,Bart,99,91,13.6,203.6,B
202,Bernice,60,82,73.6,215.6,B
203,Had,56,39,95.9,190.9,C
204,Erny,77,71,39.9,187.9,C
205,Sayre,80,79,55.2,214.2,B
206,Skippy,75,65,72.9,212.9,B
207,Sabrina,56,63,66.7,185.7,C
208,Thea,43,41,32.7,116.7,D
209,Kayley,18,29,13.5,60.5,D
210,Perice,31,36,93.6,160.6,C
211,Harv,34,29,99.4,162.4,C
212,Andie,46,11,0.6,57.6,D
213,Alethea,18,11,60.3,89.3,D
214,Corbett,17,65,86.5,168.5,C
215,Roderick,25,92,81.0,198.0,C
216,Wilbert,4,86,64.8,154.8,C
217,Lynnet,63,21,49.6,133.6,D
218,Tallou,49,3,78.6,130.6,D
219,Malinda,57,70,17.4,144.4,D
220,Min,64,43,83.7,190.7,C
221,Kimmi,28,56,90.8,174.8,C
222,Mignonne,4,44,48.4,96.4,D
223,Logan,34,6,20.3,60.3,D
224,Felecia,24,9,11.0,44.0,D
225,Tallia,73,82,66.4,221.4,B
226,Harmonia,35,95,35.2,165.2,C
227,Valentia,14,25,70.6,109.6,D
228,Hunt,55,55,85.8,195.8,C
229,Patty,21,61,49.9,131.9,D
230,Marylin,60,39,29.8,128.8,D
231,Helenelizabeth,44,13,61.0,118.0,D
232,Lorri,19,6,40.2,65.2,D
233,Freddy,6,80,74.1,160.1,C
234,Aimil,10,30,11.5,51.5,D
235,Shea,64,36,7.6,107.6,D
236,Elnore,55,29,5.0,89.0,D
237,Bordy,31,76,3.1,110.1,D
238,Scarlet,30,48,39.8,117.8,D
239,Antonin,67,61,98.9,226.9,B
240,Siegfried,86,36,20.6,142.6,D
241,Godfree,84,3,27.8,114.8,D
242,Page,0,7,63.5,70.5,D
243,Powell,99,49,74.5,222.5,B
244,Alfy,23,53,51.8,127.8,D
245,Broddie,97,10,51.2,158.2,C
246,Siusan,47,68,54.6,169.6,C
247,Wilfrid,78,100,95.9,273.9,A
248,Thibaud,86,65,73.7,224.7,B
249,Demetra,46,5,11.6,62.6,D
250,Reinald,58,69,73.0,200.0,B
251,Arden,44,89,83.8,216.8,B
252,Bianka,12,66,89.4,167.4,C
253,Barny,84,41,78.8,203.8,B
254,Bink,9,8,13.8,30.8,D
255,George,26,41,60.4,127.4,D
256,Pernell,90,2,6.0,98.0,D
257,Tulley,62,10,95.2,167.2,C
258,Durward,86,45,4.6,135.6,D
259,Cinnamon,30,88,36.7,154.7,C
260,Edwina,2,63,71.0,136.0,D
261,Sadie,82,58,0.1,140.1,D
262,Linn,34,61,75.2,170.2,C
263,Abbot,30,22,46.3,98.3,D
264,Cirilo,45,77,39.6,161.6,C
265,Jorge,29,19,93.6,141.6,D
266,Maurene,13,55,73.8,141.8,D
267,Adey,66,0,43.9,109.9,D
268,Beltran,87,46,40.9,173.9,C
269,Antin,20,48,66.0,134.0,D
270,Kaine,97,42,78.6,217.6,B
271,Pris,55,34,85.2,174.2,C
272,Sandie,45,20,7.8,72.8,D
273,Radcliffe,32,65,71.4,168.4,C
274,Abigael,27,13,63.6,103.6,D
275,Avram,87,9,47.1,143.1,D
276,Katharyn,0,19,83.1,102.1,D
277,Isador,71,21,25.9,117.9,D
278,Rosemarie,8,34,24.9,66.9,D
279,Armstrong,8,11,95.6,114.6,D
280,Georgeanna,93,92,66.5,251.5,A
281,Sonnie,26,96,34.3,156.3,C
282,Mersey,79,23,69.8,171.8,C
283,Moss,79,15,42.0,136.0,D
284,Etheline,79,92,36.9,207.9,B
285,Nickolas,68,6,32.0,106.0,D
286,Leopold,30,57,55.7,142.7,D
287,Joella,27,85,76.8,188.8,C
288,Glenda,40,91,2.5,133.5,D
289,Candi,92,6,22.9,120.9,D
290,Ynes,47,52,96.6,195.6,C
291,Jacob,63,54,25.3,142.3,D
292,Levey,42,87,84.2,213.2,B
293,Ken,15,11,32.3,58.3,D
294,Giorgio,86,37,70.3,193.3,C
295,Brig,51,17,82.3,150.3,C
296,Eddie,86,87,91.8,264.8,A
297,Julia,24,5,79.6,108.6,D
298,Claudell,48,26,75.0,149.0,D
299,Keriann,83,100,83.8,266.8,A
300,Hana,55,56,15.5,126.5,D
301,Joeann,84,4,66.3,154.3,C
302,Waylin,12,50,66.2,128.2,D
303,Viki,82,44,90.3,216.3,B
304,Mayer,23,66,69.8,158.8,C
305,Shepherd,85,89,65.8,239.8,B
306,Barris,77,68,97.3,242.3,B
307,Ardenia,77,67,0.6,144.6,D
308,Chaunce,26,96,68.3,190.3,C
309,Carolina,31,7,9.2,47.2,D
310,Fletch,17,91,76.1,184.1,C
311,Coraline,38,29,44.5,111.5,D
312,Jackquelin,48,20,35.2,103.2,D
313,Otto,62,70,15.1,147.1,D
314,Yvette,19,13,5.3,37.3,D
315,Vida,7,81,64.7,152.7,C
316,Susie,100,48,36.7,184.7,C
317,Laney,59,88,63.0,210.0,B
318,Jessie,66,65,39.8,170.8,C
319,Stirling,15,46,68.8,129.8,D
320,Merrili,86,94,94.2,274.2,A
321,Templeton,61,68,10.1,139.1,D
322,Farleigh,94,43,43.0,180.0,C
323,Antonella,1,14,65.3,80.3,D
324,Celestine,67,33,15.6,115.6,D
325,Bradley,26,47,69.2,142.2,D
326,Hobard,25,6,8.4,39.4,D
327,Sallee,100,6,15.2,121.2,D
328,Jenn,66,98,24.9,188.9,C
329,Monica,66,3,32.5,101.5,D
330,Xavier,89,81,72.2,242.2,B
331,Guthry,76,49,85.3,210.3,B
332,Aimil,39,80,20.4,139.4,D
333,Kerrill,38,99,26.5,163.5,C
334,Courtnay,47,86,95.9,228.9,B
335,Jaymee,78,59,70.4,207.4,B
336,Patti,97,27,62.6,186.6,C
337,Maxwell,72,43,87.8,202.8,B
338,Camellia,68,83,85.9,236.9,B
339,Jaquelyn,30,5,42.5,77.5,D
340,Beck,67,99,2.2,168.2,C
341,Ruttger,26,49,8.1,83.1,D
342,Sheba,51,70,12.7,133.7,D
343,Indira,100,28,83.1,211.1,B
344,Hart,22,57,71.3,150.3,C
345,Kimberly,95,83,53.1,231.1,B
346,Thom,65,31,19.5,115.5,D
347,Blakelee,40,71,53.6,164.6,C
348,Myrwyn,17,10,48.9,75.9,D
349,Camellia,98,23,76.0,197.0,C
350,Jeremie,16,21,19.7,56.7,D
351,Kippy,23,88,60.9,171.9,C
352,Griffin,62,70,55.8,187.8,C
353,Cesaro,0,84,73.4,157.4,C
354,Ivie,13,71,42.7,126.7,D
355,Lenna,93,79,59.8,231.8,B
356,Garrik,56,99,91.7,246.7,B
357,Grete,94,99,59.4,252.4,A
358,Tawnya,88,13,3.8,104.8,D
359,Babb,56,1,11.5,68.5,D
360,Pauletta,26,2,40.3,68.3,D
361,Trevar,21,37,10.4,68.4,D
362,Halimeda,59,5,32.7,96.7,D
363,Sydney,49,93,22.9,164.9,C
364,Massimiliano,58,33,70.3,161.3,C
365,Chaim,51,71,23.2,145.2,D
366,Sonia,62,13,81.9,156.9,C
367,Pepi,39,57,43.7,139.7,D
368,Leeann,15,39,84.0,138.0,D
369,Emiline,46,83,17.6,146.6,D
370,Larine,74,22,45.2,141.2,D
371,Livy,8,87,91.6,186.6,C
372,Bette,39,68,27.0,134.0,D
373,Gale,61,100,36.4,197.4,C
374,Brooks,41,45,74.0,160.0,C
375,Kenton,16,95,49.2,160.2,C
376,Shirl,78,95,60.8,233.8,B
377,Rip,91,33,28.1,152.1,C
378,Lauritz,78,69,23.0,170.0,C
379,Torin,58,3,12.0,73.0,D
380,Stephanus,53,96,70.9,219.9,B
381,Lamont,16,25,27.8,68.8,D
382,Portia,82,68,59.1,209.1,B
383,Wenona,8,3,65.4,76.4,D
384,Corny,24,3,25.6,52.6,D
385,Shelia,72,35,13.3,120.3,D
386,Kipp,7,34,25.6,66.6,D
387,Seward,24,34,45.1,103.1,D
388,Ellsworth,70,72,23.5,165.5,C
389,Isabelita,94,22,85.9,201.9,B
390,Willem,30,57,15.7,102.7,D
391,Ruttger,53,98,55.3,206.3,B
392,Loretta,10,5,98.5,113.5,D
393,Bobby,19,93,30.9,142.9,D
394,Estell,43,14,42.3,99.3,D
395,Averill,82,5,55.0,142.0,D
396,Abeu,84,30,98.4,212.4,B
397,Katine,99,27,71.5,197.5,C
398,Remington,1,20,16.1,37.1,D
399,Lorianne,90,41,37.6,168.6,C
400,Zach,24,49,68.1,141.1,D
401,Allyson,78,80,70.4,228.4,B
402,Dre,37,38,24.6,99.6,D
403,Olympia,74,17,43.2,134.2,D
404,Lara,1,35,20.3,56.3,D
405,Chrysa,4,44,13.6,61.6,D
406,Sianna,0,18,50.5,68.5,D
407,Maybelle,100,15,10.4,125.4,D
408,Denyse,60,65,80.0,205.0,B
409,Rori,17,100,48.5,165.5,C
410,Claribel,76,76,92.1,244.1,B
411,Etty,51,24,41.5,116.5,D
412,Carce,23,14,4.0,41.0,D
413,Korella,73,78,81.6,232.6,B
414,Bourke,5,70,39.6,114.6,D
415,Ramona,89,5,91.1,185.1,C
416,Teri,52,69,62.5,183.5,C
417,Pavla,11,83,31.4,125.4,D
418,Doyle,1,50,71.5,122.5,D
419,Alica,64,7,27.6,98.6,D
420,Barrett,14,21,50.0,85.0,D
421,Randi,37,68,76.5,181.5,C
422,Michelle,13,37,74.4,124.4,D
423,Harlan,38,44,8.0,90.0,D
424,Sibella,98,69,36.2,203.2,B
425,Tammy,35,80,84.0,199.0,C
426,Jen,43,70,72.6,185.6,C
427,Lorianne,71,41,73.6,185.6,C
428,Jerrie,51,8,16.9,75.9,D
429,Chas,38,24,68.8,130.8,D
430,Darnall,8,35,95.7,138.7,D
431,Humfried,29,43,68.0,140.0,D
432,Karlotte,91,53,28.3,172.3,C
433,Bald,51,97,31.8,179.8,C
434,Beatriz,83,83,80.6,246.6,B
435,Sandye,48,51,11.9,110.9,D
436,Pat,57,45,7.5,109.5,D
437,Casie,0,35,92.8,127.8,D
438,Tiebold,83,16,75.1,174.1,C
439,Porter,25,89,15.2,129.2,D
440,Gilles,31,8,58.1,97.1,D
441,Venus,36,45,41.9,122.9,D
442,Albie,26,59,19.7,104.7,D
443,Thorny,86,27,92.0,205.0,B
444,Betteann,60,85,64.4,209.4,B
445,Teddy,30,10,22.1,62.1,D
446,Deina,47,90,43.2,180.2,C
447,Sherill,68,88,10.1,166.1,C
448,Drew,7,91,31.1,129.1,D
449,Yanaton,38,91,24.8,153.8,C
450,Lynsey,36,44,8.9,88.9,D
451,Estrella,75,51,29.3,155.3,C
452,Tess,22,67,26.8,115.8,D
453,Matthew,58,79,39.9,176.9,C
454,Yulma,47,56,35.3,138.3,D
455,Justino,100,48,58.9,206.9,B
456,Roxanne,98,66,18.7,182.7,C
457,Rosaleen,75,59,14.3,148.3,D
458,Ikey,10,75,53.0,138.0,D
459,Clifford,48,68,35.2,151.2,C
460,Colas,68,64,54.8,186.8,C
461,Ellie,15,88,18.7,121.7,D
462,Lacie,89,78,9.5,176.5,C
463,Eleanor,100,25,9.0,134.0,D
464,Maire,46,71,37.3,154.3,C
465,Janina,93,25,10.3,128.3,D
466,Pamelina,35,90,9.9,134.9,D
467,Austen,62,72,36.2,170.2,C
468,Corina,34,97,17.6,148.6,D
469,Mame,23,32,33.5,88.5,D
470,Verena,78,6,78.7,162.7,C
471,Lucine,91,42,79.7,212.7,B
472,Dodi,34,95,41.9,170.9,C
473,Annetta,13,9,70.0,92.0,D
474,Phineas,59,65,61.8,185.8,C
475,Debra,59,32,51.6,142.6,D
476,Karena,53,16,71.2,140.2,D
477,Jozef,42,47,26.2,115.2,D
478,Town,60,52,22.2,134.2,D
479,Angie,83,89,13.6,185.6,C
480,Moise,11,1,87.8,99.8,D
481,Iris,40,73,72.4,185.4,C
482,Jayne,61,34,36.9,131.9,D
483,Jimmie,89,14,31.0,134.0,D
484,Shayla,8,15,55.7,78.7,D
485,Torin,62,70,11.6,143.6,D
486,Bettye,76,35,46.9,157.9,C
487,Kim,90,100,19.3,209.3,B
488,Lois,6,77,24.1,107.1,D
489,Sheila,70,82,35.0,187.0,C
490,Bianka,69,65,62.4,196.4,C
491,Flo,29,14,27.8,70.8,D
492,Editha,61,5,72.4,138.4,D
493,Alyosha,15,73,54.8,142.8,D
494,Channa,64,12,16.8,92.8,D
495,Conney,55,80,66.6,201.6,B
496,Davey,67,94,65.1,226.1,B
497,Britt,6,53,68.1,127.1,D
498,Marlow,41,11,49.7,101.7,D
499,Tera,75,36,25.7,136.7,D
500,Kaylee,50,73,25.5,148.5,D
501,Penny,34,1,27.9,62.9,D
502,Benni,91,78,4.6,173.6,C
503,Cornell,77,67,98.3,242.3,B
504,Marve,80,98,83.8,261.8,A
505,Dicky,63,74,56.2,193.2,C
506,Marja,95,38,75.7,208.7,B
507,Anna-diana,12,1,21.8,34.8,D
508,Daren,0,26,98.1,124.1,D
509,Jedidiah,30,27,87.9,144.9,D
510,Mozes,8,1,83.2,92.2,D
511,Bernardine,86,54,16.2,156.2,C
512,Ruggiero,41,11,96.8,148.8,D
513,Oona,68,89,97.7,254.7,A
514,Stearn,86,5,32.0,123.0,D
515,Maryjane,31,99,45.0,175.0,C
516,Kristien,98,55,44.9,197.9,C
517,Clemente,44,88,16.8,148.8,D
518,Hynda,92,65,94.7,251.7,A
519,Vanya,37,70,62.8,169.8,C
520,Sheena,94,18,86.8,198.8,C
521,Artair,67,29,9.7,105.7,D
522,Nicolina,88,58,54.7,200.7,B
523,Padraig,97,84,22.0,203.0,B
524,Darb,44,71,22.4,137.4,D
525,Eddi,84,98,11.2,193.2,C
526,Raffaello,55,31,49.1,135.1,D
527,Leland,42,31,68.4,141.4,D
528,Babette,54,35,81.0,170.0,C
529,Tan,82,81,58.6,221.6,B
530,Armand,44,71,75.4,190.4,C
531,Hal,79,55,73.6,207.6,B
532,Penelopa,3,46,99.0,148.0,D
533,Westleigh,70,7,70.7,147.7,D
534,Torrey,29,78,56.9,163.9,C
535,Harli,0,29,83.1,112.1,D
536,Bernhard,34,8,47.8,89.8,D
537,Delmore,4,53,6.7,63.7,D
538,Sigfried,25,53,54.4,132.4,D
539,Willabella,26,95,76.5,197.5,C
540,Teddi,87,21,7.0,115.0,D
541,Anastasia,32,57,50.8,139.8,D
542,Robbi,97,25,56.7,178.7,C
543,Yardley,32,41,55.7,128.7,D
544,Xena,24,23,62.5,109.5,D
545,Devora,20,83,98.7,201.7,B
546,Augustina,84,51,70.8,205.8,B
547,Kellen,3,57,16.7,76.7,D
548,Jameson,1,10,2.8,13.8,D
549,Caria,86,11,96.5,193.5,C
550,Brennen,53,68,52.6,173.6,C
551,Arnuad,54,36,54.6,144.6,D
552,Sharai,27,9,41.7,77.7,D
553,Claudia,64,57,21.9,142.9,D
554,Tanner,29,83,69.2,181.2,C
555,Candra,28,27,67.1,122.1,D
556,Ricardo,25,0,90.7,115.7,D
557,Christie,5,4,74.0,83.0,D
558,Pippa,71,4,49.0,124.0,D
559,Burlie,43,92,43.6,178.6,C
560,Hollis,45,26,22.8,93.8,D
561,Irina,79,20,55.0,154.0,C
562,Frank,61,14,15.6,90.6,D
563,Bobby,50,79,50.3,179.3,C
564,Lorrie,28,28,55.4,111.4,D
565,Granville,45,88,4.7,137.7,D
566,Cassey,55,73,24.0,152.0,C
567,Vivyan,69,1,92.3,162.3,C
568,Joelie,49,19,39.4,107.4,D
569,Ferdinand,46,24,27.6,97.6,D
570,Tracy,46,91,52.9,189.9,C
571,Rosalie,76,28,5.0,109.0,D
572,Jenine,36,92,40.7,168.7,C
573,Valeria,71,5,76.4,152.4,C
574,Walton,17,45,6.3,68.3,D
575,Alexandrina,9,14,88.1,111.1,D
576,Marlin,31,81,99.1,211.1,B
577,Cornie,11,8,22.0,41.0,D
578,Dixie,67,21,72.1,160.1,C
579,Garrick,60,11,94.7,165.7,C
580,Chevalier,38,64,19.6,121.6,D
581,Kerry,7,58,55.2,120.2,D
582,Kippie,74,93,14.8,181.8,C
583,Dalston,63,80,49.9,192.9,C
584,Camey,95,99,39.9,233.9,B
585,Karel,57,4,74.8,135.8,D
586,Karissa,1,16,5.6,22.6,D
587,Tabbie,75,83,21.4,179.4,C
588,Krystal,21,39,99.0,159.0,C
589,Krishnah,28,20,32.1,80.1,D
590,Rancell,9,51,60.6,120.6,D
591,Jannelle,26,97,21.4,144.4,D
592,Farleigh,65,94,3.8,162.8,C
593,Waylin,82,98,59.1,239.1,B
594,Marvin,69,65,16.8,150.8,C
595,Verney,82,97,25.4,204.4,B
596,Orson,60,61,96.6,217.6,B
597,Benjamen,36,23,10.7,69.7,D
598,Dulcie,51,72,88.3,211.3,B
599,Ly,31,38,68.7,137.7,D
600,Michaela,50,16,74.3,140.3,D
601,Minny,67,62,33.4,162.4,C
602,Regan,5,5,87.7,97.7,D
603,Cathie,26,55,49.8,130.8,D
604,Lucinda,5,27,55.7,87.7,D
605,Antonia,79,25,99.3,203.3,B
606,Lesley,33,8,10.2,51.2,D
607,Blakeley,94,41,51.8,186.8,C
608,Wood,90,2,79.6,171.6,C
609,Casie,49,75,95.7,219.7,B
610,Lynda,82,70,28.3,180.3,C
611,Bette-ann,14,76,87.7,177.7,C
612,Morris,11,90,6.2,107.2,D
613,Rebeca,92,78,21.9,191.9,C
614,Hersch,75,33,79.8,187.8,C
615,Nicola,56,8,5.7,69.7,D
616,Skell,55,83,55.5,193.5,C
617,Aidan,65,20,42.0,127.0,D
618,Curr,77,81,64.1,222.1,B
619,Iago,97,19,41.6,157.6,C
620,Ailsun,92,89,93.0,274.0,A
621,Noel,91,79,6.6,176.6,C
622,Portie,69,74,71.9,214.9,B
623,Basilio,100,97,69.5,266.5,A
624,Jenine,71,14,40.6,125.6,D
625,Walker,5,13,8.3,26.3,D
626,Les,32,82,83.0,197.0,C
627,Wynn,79,13,61.1,153.1,C
628,Des,66,13,28.7,107.7,D
629,Mario,6,100,90.9,196.9,C
630,Bird,38,75,23.9,136.9,D
631,Justinian,44,44,15.2,103.2,D
632,Garnette,73,6,21.4,100.4,D
633,Ariel,68,82,51.0,201.0,B
634,Zachary,14,64,12.4,90.4,D
635,Vassili,88,94,85.7,267.7,A
636,Port,57,15,4.5,76.5,D
637,Elyssa,91,7,11.6,109.6,D
638,Georges,23,14,4.5,41.5,D
639,Jeff,28,20,26.3,74.3,D
640,Cyril,15,59,84.6,158.6,C
641,Dulcea,12,17,55.8,84.8,D
642,Benedict,21,41,47.2,109.2,D
643,Corey,24,61,96.1,181.1,C
644,Penelopa,36,26,40.6,102.6,D
645,Lonnie,39,45,9.4,93.4,D
646,Lance,18,10,46.6,74.6,D
647,Barn,73,70,98.1,241.1,B
648,Margaux,31,77,49.5,157.5,C
649,Wallie,62,61,22.2,145.2,D
650,Heinrick,55,62,73.2,190.2,C
651,Vale,66,17,61.1,144.1,D
652,Margaretha,46,75,38.8,159.8,C
653,Quinton,44,91,23.1,158.1,C
654,Farris,10,71,68.0,149.0,D
655,Annabell,87,88,18.6,193.6,C
656,Lorraine,30,87,30.7,147.7,D
657,Dredi,28,97,99.5,224.5,B
658,Brew,62,64,14.8,140.8,D
659,Vikky,28,97,70.0,195.0,C
660,Ryley,52,0,46.0,98.0,D
661,Wileen,56,3,16.1,75.1,D
662,Shanna,25,57,60.5,142.5,D
663,Jefferey,37,25,7.3,69.3,D
664,Meredith,63,96,47.4,206.4,B
665,Brooks,21,54,72.4,147.4,D
666,Adena,61,38,78.3,177.3,C
667,Nata,56,57,59.8,172.8,C
668,Birgitta,47,52,64.3,163.3,C
669,Thorny,77,36,4.6,117.6,D
670,Hanan,79,1,81.9,161.9,C
671,Pat,67,67,9.2,143.2,D
672,Janna,8,12,46.2,66.2,D
673,Lula,36,61,27.9,124.9,D
674,Laurena,39,83,89.4,211.4,B
675,Maryrose,35,44,84.4,163.4,C
676,Suzy,80,27,87.4,194.4,C
677,Gun,63,67,91.7,221.7,B
678,Catharina,0,40,34.5,74.5,D
679,Anatollo,11,5,93.3,109.3,D
680,Stanly,35,76,89.3,200.3,B
681,Jan,68,86,38.2,192.2,C
682,Flss,90,73,78.5,241.5,B
683,Nicolina,14,56,62.7,132.7,D
684,Carmella,12,62,54.1,128.1,D
685,Felicdad,51,34,82.2,167.2,C
686,Caro,46,40,80.4,166.4,C
687,Walther,11,16,52.3,79.3,D
688,Benjie,11,25,89.5,125.5,D
689,Skippie,61,25,20.5,106.5,D
690,Brand,83,6,10.0,99.0,D
691,Perla,99,100,78.3,277.3,A
692,Jacky,37,6,56.1,99.1,D
693,Ernesta,11,86,95.4,192.4,C
694,Elora,38,88,43.8,169.8,C
695,Gar,12,22,27.8,61.8,D
696,Far,20,51,8.8,79.8,D
697,Reba,7,81,18.8,106.8,D
698,Allegra,67,64,56.6,187.6,C
699,Lew,87,19,75.3,181.3,C
700,Ermentrude,47,81,74.5,202.5,B
701,Amory,62,62,85.7,209.7,B
702,Tabina,43,27,77.3,147.3,D
703,Elvera,31,27,64.5,122.5,D
704,Milty,91,72,52.7,215.7,B
705,Kaitlyn,70,83,91.1,244.1,B
706,Fidela,13,38,47.4,98.4,D
707,Arielle,56,42,63.9,161.9,C
708,Parker,57,36,98.9,191.9,C
709,Allis,59,88,79.4,226.4,B
710,Lawrence,51,71,94.4,216.4,B
711,Brant,8,22,82.8,112.8,D
712,Alyosha,62,76,14.6,152.6,C
713,Gayelord,42,68,98.7,208.7,B
714,Ethyl,70,43,95.8,208.8,B
715,Peria,19,60,93.3,172.3,C
716,Sybille,61,40,91.3,192.3,C
717,Suzie,40,47,75.9,162.9,C
718,Di,25,64,74.3,163.3,C
719,Alick,15,28,74.8,117.8,D
720,Cullan,31,59,2.4,92.4,D
721,Ferrell,53,36,31.1,120.1,D
722,Benedetto,37,27,28.3,92.3,D
723,Ellene,48,96,69.5,213.5,B
724,Englebert,58,12,19.8,89.8,D
725,Ashlee,3,21,51.8,75.8,D
726,Augustina,29,73,79.5,181.5,C
727,Olympia,89,31,5.3,125.3,D
728,Darsey,2,70,37.5,109.5,D
729,Ingemar,9,70,11.1,90.1,D
730,Guinevere,54,36,71.4,161.4,C
731,Hilde,69,46,53.3,168.3,C
732,Bengt,59,10,20.1,89.1,D
733,Bethany,40,79,99.7,218.7,B
734,Anne-marie,23,43,9.2,75.2,D
735,Angelico,74,36,19.4,129.4,D
736,Thaddeus,11,8,82.4,101.4,D
737,Dot,86,93,20.4,199.4,C
738,Shanna,90,21,32.5,143.5,D
739,Chaddy,98,56,67.7,221.7,B
740,Bennie,83,95,59.3,237.3,B
741,Karon,7,90,77.3,174.3,C
742,Berty,32,9,64.7,105.7,D
743,Jervis,58,60,43.6,161.6,C
744,Brittani,50,87,4.3,141.3,D
745,Tulley,24,25,59.2,108.2,D
746,Cirilo,42,56,37.4,135.4,D
747,Derk,51,60,80.7,191.7,C
748,Rutherford,59,72,11.9,142.9,D
749,Taddeusz,67,55,40.8,162.8,C
750,Laurianne,77,90,39.5,206.5,B
751,Chad,100,67,94.1,261.1,A
752,Glenna,10,22,90.6,122.6,D
753,Charis,67,54,31.3,152.3,C
754,Layne,5,1,98.7,104.7,D
755,Consolata,47,11,45.1,103.1,D
756,Randi,28,25,74.6,127.6,D
757,Linc,7,62,81.1,150.1,C
758,Massimiliano,67,72,27.4,166.4,C
759,Cleveland,67,3,27.3,97.3,D
760,Salim,22,6,75.2,103.2,D
761,Gage,89,13,12.9,114.9,D
762,Florette,8,69,52.1,129.1,D
763,Caye,27,27,91.8,145.8,D
764,Dacey,96,19,79.1,194.1,C
765,Klemens,94,83,25.6,202.6,B
766,Clair,90,63,70.3,223.3,B
767,Danell,78,14,63.8,155.8,C
768,Kain,1,35,48.1,84.1,D
769,Mallory,6,48,51.5,105.5,D
770,Albertine,31,56,94.2,181.2,C
771,Purcell,21,3,51.3,75.3,D
772,Annabel,58,89,63.2,210.2,B
773,Philis,46,91,48.8,185.8,C
774,Rosemonde,81,57,10.4,148.4,D
775,Marlyn,37,17,50.5,104.5,D
776,Britte,55,78,5.8,138.8,D
777,Gordy,11,21,19.1,51.1,D
778,Nikolaus,81,52,12.6,145.6,D
779,Iseabal,88,23,68.8,179.8,C
780,Elenore,28,89,78.1,195.1,C
781,Gerard,99,94,67.7,260.7,A
782,Arin,98,10,14.1,122.1,D
783,Ania,82,47,21.7,150.7,C
784,Jackqueline,36,38,54.3,128.3,D
785,Reynolds,9,47,72.8,128.8,D
786,Hugibert,89,96,9.9,194.9,C
787,Bridgette,75,66,68.2,209.2,B
788,Grant,51,80,72.6,203.6,B
789,Gregor,62,62,32.8,156.8,C
790,Nanny,35,40,1.9,76.9,D
791,Briano,15,62,4.2,81.2,D
792,Marc,65,91,54.0,210.0,B
793,Fenelia,62,73,92.8,227.8,B
794,Tine,35,99,16.7,150.7,C
795,Appolonia,15,100,48.3,163.3,C
796,Phebe,6,78,61.5,145.5,D
797,Demetrius,2,0,57.3,59.3,D
798,Spence,12,47,27.6,86.6,D
799,Dorri,74,84,55.2,213.2,B
800,Ardelle,52,56,0.6,108.6,D
801,Roxine,40,5,75.8,120.8,D
802,Kassey,9,35,60.7,104.7,D
803,Lyssa,83,18,46.1,147.1,D
804,Bernadene,25,0,71.8,96.8,D
805,Tish,90,34,79.1,203.1,B
806,Julina,69,39,90.9,198.9,C
807,Mechelle,83,30,71.8,184.8,C
808,Idalina,58,88,29.5,175.5,C
809,Englebert,56,18,36.6,110.6,D
810,Joshuah,72,79,69.8,220.8,B
811,Kettie,41,69,36.8,146.8,D
812,Dael,29,64,80.4,173.4,C
813,Debbi,71,24,78.6,173.6,C
814,Stacy,73,92,42.7,207.7,B
815,Maddy,0,33,98.0,131.0,D
816,Elsie,43,64,14.5,121.5,D
817,Kristian,20,80,54.0,154.0,C
818,Missy,4,57,78.2,139.2,D
819,Shelby,87,33,9.6,129.6,D
820,Demetris,9,37,59.1,105.1,D
821,Sheelah,90,42,7.5,139.5,D
822,Breanne,24,64,4.0,92.0,D
823,Euell,28,70,52.6,150.6,C
824,Carey,29,61,11.5,101.5,D
825,Elmore,64,31,25.2,120.2,D
826,Baron,75,73,62.4,210.4,B
827,Rene,24,56,12.3,92.3,D
828,Loreen,87,82,75.8,244.8,B
829,Sybilla,63,75,61.9,199.9,C
830,Cristobal,29,30,7.9,66.9,D
831,Herold,68,71,28.2,167.2,C
832,Murvyn,86,3,21.6,110.6,D
833,Yorker,47,79,31.0,157.0,C
834,Kristin,96,10,39.6,145.6,D
835,Den,66,81,86.8,233.8,B
836,Levi,49,33,51.0,133.0,D
837,Reeba,94,39,74.3,207.3,B
838,Binny,25,14,26.1,65.1,D
839,Nikolaus,21,43,1.6,65.6,D
840,Jordan,37,57,31.9,125.9,D
841,Emmerich,74,91,82.9,247.9,B
842,Sascha,10,38,29.4,77.4,D
843,Jeannine,59,53,73.6,185.6,C
844,Irena,48,26,19.2,93.2,D
845,Leia,21,34,65.0,120.0,D
846,Bobine,94,45,61.2,200.2,B
847,Vince,7,64,43.5,114.5,D
848,Merci,11,55,43.1,109.1,D
849,Lanny,44,8,73.1,125.1,D
850,Wolf,8,68,39.1,115.1,D
851,Pooh,93,13,58.6,164.6,C
852,Lulita,86,45,48.4,179.4,C
853,Taffy,81,10,72.9,163.9,C
854,Kasey,30,66,43.4,139.4,D
855,Abigael,100,48,60.6,208.6,B
856,Cyrille,56,99,36.5,191.5,C
857,Valida,66,11,52.3,129.3,D
858,Flora,2,53,74.6,129.6,D
859,Wright,90,34,65.6,189.6,C
860,Mario,8,94,16.3,118.3,D
861,Alexa,95,29,56.2,180.2,C
862,Sonja,10,80,40.9,130.9,D
863,Debera,94,46,65.0,205.0,B
864,Berk,60,55,17.7,132.7,D
865,Carmel,70,88,14.4,172.4,C
866,Regan,33,22,31.1,86.1,D
867,Corrianne,79,0,54.4,133.4,D
868,Mahmoud,51,50,89.6,190.6,C
869,Dasie,85,8,4.7,97.7,D
870,Siegfried,59,70,3.9,132.9,D
871,Edee,23,38,37.0,98.0,D
872,Berrie,33,100,81.2,214.2,B
873,Cheston,51,87,66.9,204.9,B
874,Barbette,28,42,55.0,125.0,D
875,Melessa,56,41,62.3,159.3,C
876,Augustus,4,40,27.6,71.6,D
877,Adelind,43,17,70.6,130.6,D
878,Benoit,46,66,22.0,134.0,D
879,Eugine,66,97,30.0,193.0,C
880,Alverta,29,61,2.2,92.2,D
881,Langston,12,23,82.8,117.8,D
882,Dorelia,75,37,55.7,167.7,C
883,Calv,40,37,43.0,120.0,D
884,Sally,1,29,76.9,106.9,D
885,Herbert,42,21,33.6,96.6,D
886,Iris,93,47,45.9,185.9,C
887,Carey,48,63,12.6,123.6,D
888,Constantine,37,25,69.0,131.0,D
889,Gualterio,59,3,78.0,140.0,D
890,Lilli,32,42,85.5,159.5,C
891,Hanan,2,95,52.9,149.9,D
892,Raynard,17,53,80.4,150.4,C
893,Wadsworth,88,84,11.5,183.5,C
894,Jozef,12,43,19.4,74.4,D
895,Joice,93,45,24.6,162.6,C
896,Galina,91,97,53.6,241.6,B
897,Teodora,36,14,54.5,104.5,D
898,Dasya,85,94,87.2,266.2,A
899,Maude,21,69,99.1,189.1,C
900,Sherlock,47,19,47.0,113.0,D
901,Welby,86,54,65.8,205.8,B
902,Karole,33,65,4.7,102.7,D
903,Shanda,39,42,1.5,82.5,D
904,Zola,71,18,17.7,106.7,D
905,Dorisa,36,57,42.0,135.0,D
906,Rochell,37,69,38.8,144.8,D
907,Arvy,18,77,40.7,135.7,D
908,Misty,14,42,96.7,152.7,C
909,Wood,78,68,79.4,225.4,B
910,Aaron,47,67,22.6,136.6,D
911,Calypso,19,7,90.7,116.7,D
912,Carla,1,17,20.7,38.7,D
913,Obidiah,58,73,92.6,223.6,B
914,Kaspar,4,29,55.4,88.4,D
915,Bari,96,25,66.5,187.5,C
916,Nial,76,92,65.9,233.9,B
917,Adrian,72,28,78.7,178.7,C
918,Yorker,8,90,50.7,148.7,D
919,Belita,25,77,93.3,195.3,C
920,Audie,83,72,79.5,234.5,B
921,Dewey,87,24,5.0,116.0,D
922,Tannie,31,90,59.6,180.6,C
923,Bruce,23,54,53.8,130.8,D
924,Niall,85,12,66.5,163.5,C
925,Misti,85,97,31.6,213.6,B
926,Kay,5,24,1.6,30.6,D
927,Salomi,1,21,82.6,104.6,D
928,Alfred,18,93,52.6,163.6,C
929,Cristabel,92,43,35.1,170.1,C
930,Sande,69,85,65.2,219.2,B
931,Riva,77,15,92.6,184.6,C
932,Roxanne,42,9,50.5,101.5,D
933,Janice,17,9,2.8,28.8,D
934,Wyndham,30,52,79.7,161.7,C
935,Garek,63,93,73.3,229.3,B
936,Kissee,47,32,79.2,158.2,C
937,Sena,18,28,53.0,99.0,D
938,Bathsheba,20,64,6.9,90.9,D
939,Cobbie,32,98,8.0,138.0,D
940,Kirby,75,9,35.9,119.9,D
941,Eb,3,52,82.1,137.1,D
942,Alvin,68,31,52.2,151.2,C
943,Jennee,15,85,38.6,138.6,D
944,Karalee,47,14,74.5,135.5,D
945,Maurice,77,72,26.8,175.8,C
946,Jori,17,34,87.0,138.0,D
947,Bradly,79,9,68.6,156.6,C
948,Kelli,4,77,11.4,92.4,D
949,Madalyn,41,47,1.9,89.9,D
950,Bride,9,39,40.2,88.2,D
951,Kelcie,50,40,14.6,104.6,D
952,Ted,96,90,96.5,282.5,A
953,Vivien,54,44,69.2,167.2,C
954,Jania,81,38,27.5,146.5,D
955,Mead,7,26,79.2,112.2,D
956,Tally,35,62,69.7,166.7,C
957,Blayne,36,67,46.2,149.2,D
958,Penny,41,11,96.6,148.6,D
959,Christie,54,19,4.7,77.7,D
960,Ilene,15,69,22.2,106.2,D
961,Ailey,12,22,33.6,67.6,D
962,Sioux,26,6,44.6,76.6,D
963,Cal,47,90,11.9,148.9,D
964,Daveta,39,52,48.5,139.5,D
965,West,83,75,47.3,205.3,B
966,Ted,17,57,70.7,144.7,D
967,Filippo,27,20,53.6,100.6,D
968,Jamal,91,60,16.6,167.6,C
969,Huntlee,32,59,0.1,91.1,D
970,Umeko,6,43,15.1,64.1,D
971,Kristi,72,97,83.7,252.7,A
972,Nerissa,82,77,68.1,227.1,B
973,Stoddard,21,93,17.0,131.0,D
974,Gracia,37,99,46.9,182.9,C
975,See,55,6,22.2,83.2,D
976,Alexandre,81,18,63.1,162.1,C
977,Kai,66,84,80.0,230.0,B
978,Konstanze,88,44,18.9,150.9,C
979,Elana,41,83,51.2,175.2,C
980,Libby,30,39,27.8,96.8,D
981,Karly,64,69,39.3,172.3,C
982,Maribeth,88,19,53.2,160.2,C
983,Jerrold,53,27,97.1,177.1,C
984,Shandra,60,55,99.7,214.7,B
985,Robenia,35,98,41.7,174.7,C
986,Hunfredo,32,84,75.9,191.9,C
987,Alameda,57,11,39.7,107.7,D
988,Isac,100,78,54.3,232.3,B
989,Helenka,93,49,56.3,198.3,C
990,Selinda,87,6,41.2,134.2,D
991,Irwinn,69,32,5.4,106.4,D
992,Terence,46,36,79.0,161.0,C
993,Arlinda,3,33,12.6,48.6,D
994,Charles,90,82,23.8,195.8,C
995,Ethel,41,7,59.1,107.1,D
996,Hershel,70,30,11.3,111.3,D
997,Georgiana,38,91,73.7,202.7,B
998,Nell,81,49,12.1,142.1,D
999,Denys,16,49,39.0,104.0,D
1000,Alphonse,46,69,69.6,184.6,C
